Using launch settings from src\MomCare.Api\Properties\launchSettings.json...
Building...
info: Microsoft.EntityFrameworkCore.Database.Command[20101]
      Executed DbCommand (58ms) [Parameters=[], CommandType='Text', CommandTimeout='30']
      SELECT "MigrationId", "ProductVersion"
      FROM "__EFMigrationsHistory"
      ORDER BY "MigrationId";
info: Microsoft.EntityFrameworkCore.Database.Command[20101]
      Executed DbCommand (47ms) [Parameters=[], CommandType='Text', CommandTimeout='30']
      CREATE TABLE IF NOT EXISTS "__EFMigrationsHistory" (
          "MigrationId" character varying(150) NOT NULL,
          "ProductVersion" character varying(32) NOT NULL,
          CONSTRAINT "PK___EFMigrationsHistory" PRIMARY KEY ("MigrationId")
      );
info: Microsoft.EntityFrameworkCore.Database.Command[20101]
      Executed DbCommand (43ms) [Parameters=[], CommandType='Text', CommandTimeout='30']
      LOCK TABLE "__EFMigrationsHistory" IN ACCESS EXCLUSIVE MODE
info: Microsoft.EntityFrameworkCore.Database.Command[20101]
      Executed DbCommand (47ms) [Parameters=[], CommandType='Text', CommandTimeout='30']
      SELECT "MigrationId", "ProductVersion"
      FROM "__EFMigrationsHistory"
      ORDER BY "MigrationId";
info: Microsoft.EntityFrameworkCore.Migrations[20405]
      No migrations were applied. The database is already up to date.
info: Microsoft.EntityFrameworkCore.Database.Command[20101]
      Executed DbCommand (49ms) [Parameters=[@__normalizedName_0='?'], CommandType='Text', CommandTimeout='30']
      SELECT r.id, r.concurrency_stamp, r.name, r.code, r.normalized_code
      FROM roles AS r
      WHERE r.normalized_code = @__normalizedName_0
      LIMIT 1
info: Microsoft.EntityFrameworkCore.Database.Command[20101]
      Executed DbCommand (50ms) [Parameters=[@__normalizedName_0='?'], CommandType='Text', CommandTimeout='30']
      SELECT r.id, r.concurrency_stamp, r.name, r.code, r.normalized_code
      FROM roles AS r
      WHERE r.normalized_code = @__normalizedName_0
      LIMIT 1
info: Microsoft.EntityFrameworkCore.Database.Command[20101]
      Executed DbCommand (48ms) [Parameters=[@__normalizedName_0='?'], CommandType='Text', CommandTimeout='30']
      SELECT r.id, r.concurrency_stamp, r.name, r.code, r.normalized_code
      FROM roles AS r
      WHERE r.normalized_code = @__normalizedName_0
      LIMIT 1
info: Microsoft.EntityFrameworkCore.Database.Command[20101]
      Executed DbCommand (46ms) [Parameters=[@__normalizedName_0='?'], CommandType='Text', CommandTimeout='30']
      SELECT r.id, r.concurrency_stamp, r.name, r.code, r.normalized_code
      FROM roles AS r
      WHERE r.normalized_code = @__normalizedName_0
      LIMIT 1
info: Microsoft.EntityFrameworkCore.Database.Command[20101]
      Executed DbCommand (50ms) [Parameters=[@__normalizedName_0='?'], CommandType='Text', CommandTimeout='30']
      SELECT r.id, r.concurrency_stamp, r.name, r.code, r.normalized_code
      FROM roles AS r
      WHERE r.normalized_code = @__normalizedName_0
      LIMIT 1
info: Microsoft.EntityFrameworkCore.Database.Command[20101]
      Executed DbCommand (48ms) [Parameters=[@__normalizedEmail_0='?'], CommandType='Text', CommandTimeout='30']
      SELECT u.id, u.access_failed_count, u.avatar, u.bank_account_name, u.bank_account_number, u.bank_bin, u.concurrency_stamp, u.created_at, u.email, u.email_confirmed, u.full_name, u.lockout_enabled, u.lockout_end, u.normalized_email, u.normalized_user_name, u.password_hash, u.phone, u.phone_confirmed, u.security_stamp, u.status, u.two_factor_enabled, u.updated_at, u.user_name
      FROM users AS u
      WHERE u.normalized_email = @__normalizedEmail_0
      LIMIT 2
info: Microsoft.EntityFrameworkCore.Database.Command[20101]
      Executed DbCommand (44ms) [Parameters=[@__userId_0='?' (DbType = Int32)], CommandType='Text', CommandTimeout='30']
      SELECT r.code
      FROM user_roles AS u
      INNER JOIN roles AS r ON u.role_id = r.id
      WHERE u.user_id = @__userId_0
info: Microsoft.EntityFrameworkCore.Database.Command[20101]
      Executed DbCommand (42ms) [Parameters=[@__normalizedEmail_0='?'], CommandType='Text', CommandTimeout='30']
      SELECT u.id, u.access_failed_count, u.avatar, u.bank_account_name, u.bank_account_number, u.bank_bin, u.concurrency_stamp, u.created_at, u.email, u.email_confirmed, u.full_name, u.lockout_enabled, u.lockout_end, u.normalized_email, u.normalized_user_name, u.password_hash, u.phone, u.phone_confirmed, u.security_stamp, u.status, u.two_factor_enabled, u.updated_at, u.user_name
      FROM users AS u
      WHERE u.normalized_email = @__normalizedEmail_0
      LIMIT 2
info: Microsoft.EntityFrameworkCore.Database.Command[20101]
      Executed DbCommand (44ms) [Parameters=[@__userId_0='?' (DbType = Int32)], CommandType='Text', CommandTimeout='30']
      SELECT r.code
      FROM user_roles AS u
      INNER JOIN roles AS r ON u.role_id = r.id
      WHERE u.user_id = @__userId_0
info: Microsoft.EntityFrameworkCore.Database.Command[20101]
      Executed DbCommand (47ms) [Parameters=[@__normalizedEmail_0='?'], CommandType='Text', CommandTimeout='30']
      SELECT u.id, u.access_failed_count, u.avatar, u.bank_account_name, u.bank_account_number, u.bank_bin, u.concurrency_stamp, u.created_at, u.email, u.email_confirmed, u.full_name, u.lockout_enabled, u.lockout_end, u.normalized_email, u.normalized_user_name, u.password_hash, u.phone, u.phone_confirmed, u.security_stamp, u.status, u.two_factor_enabled, u.updated_at, u.user_name
      FROM users AS u
      WHERE u.normalized_email = @__normalizedEmail_0
      LIMIT 2
info: Microsoft.EntityFrameworkCore.Database.Command[20101]
      Executed DbCommand (43ms) [Parameters=[@__userId_0='?' (DbType = Int32)], CommandType='Text', CommandTimeout='30']
      SELECT r.code
      FROM user_roles AS u
      INNER JOIN roles AS r ON u.role_id = r.id
      WHERE u.user_id = @__userId_0
info: Microsoft.EntityFrameworkCore.Database.Command[20101]
      Executed DbCommand (54ms) [Parameters=[@__normalizedEmail_0='?'], CommandType='Text', CommandTimeout='30']
      SELECT u.id, u.access_failed_count, u.avatar, u.bank_account_name, u.bank_account_number, u.bank_bin, u.concurrency_stamp, u.created_at, u.email, u.email_confirmed, u.full_name, u.lockout_enabled, u.lockout_end, u.normalized_email, u.normalized_user_name, u.password_hash, u.phone, u.phone_confirmed, u.security_stamp, u.status, u.two_factor_enabled, u.updated_at, u.user_name
      FROM users AS u
      WHERE u.normalized_email = @__normalizedEmail_0
      LIMIT 2
info: Microsoft.EntityFrameworkCore.Database.Command[20101]
      Executed DbCommand (46ms) [Parameters=[@__userId_0='?' (DbType = Int32)], CommandType='Text', CommandTimeout='30']
      SELECT r.code
      FROM user_roles AS u
      INNER JOIN roles AS r ON u.role_id = r.id
      WHERE u.user_id = @__userId_0
info: Microsoft.EntityFrameworkCore.Database.Command[20101]
      Executed DbCommand (45ms) [Parameters=[@__normalizedEmail_0='?'], CommandType='Text', CommandTimeout='30']
      SELECT u.id, u.access_failed_count, u.avatar, u.bank_account_name, u.bank_account_number, u.bank_bin, u.concurrency_stamp, u.created_at, u.email, u.email_confirmed, u.full_name, u.lockout_enabled, u.lockout_end, u.normalized_email, u.normalized_user_name, u.password_hash, u.phone, u.phone_confirmed, u.security_stamp, u.status, u.two_factor_enabled, u.updated_at, u.user_name
      FROM users AS u
      WHERE u.normalized_email = @__normalizedEmail_0
      LIMIT 2
info: Microsoft.EntityFrameworkCore.Database.Command[20101]
      Executed DbCommand (43ms) [Parameters=[@__userId_0='?' (DbType = Int32)], CommandType='Text', CommandTimeout='30']
      SELECT r.code
      FROM user_roles AS u
      INNER JOIN roles AS r ON u.role_id = r.id
      WHERE u.user_id = @__userId_0
info: Microsoft.EntityFrameworkCore.Database.Command[20101]
      Executed DbCommand (48ms) [Parameters=[@__normalizedEmail_0='?'], CommandType='Text', CommandTimeout='30']
      SELECT u.id, u.access_failed_count, u.avatar, u.bank_account_name, u.bank_account_number, u.bank_bin, u.concurrency_stamp, u.created_at, u.email, u.email_confirmed, u.full_name, u.lockout_enabled, u.lockout_end, u.normalized_email, u.normalized_user_name, u.password_hash, u.phone, u.phone_confirmed, u.security_stamp, u.status, u.two_factor_enabled, u.updated_at, u.user_name
      FROM users AS u
      WHERE u.normalized_email = @__normalizedEmail_0
      LIMIT 2
info: Microsoft.EntityFrameworkCore.Database.Command[20101]
      Executed DbCommand (44ms) [Parameters=[@__userId_0='?' (DbType = Int32)], CommandType='Text', CommandTimeout='30']
      SELECT r.code
      FROM user_roles AS u
      INNER JOIN roles AS r ON u.role_id = r.id
      WHERE u.user_id = @__userId_0
info: Microsoft.EntityFrameworkCore.Database.Command[20101]
      Executed DbCommand (45ms) [Parameters=[@__userId_0='?' (DbType = Int32), @__type_1='?', @__isDefault_2='?' (DbType = Boolean)], CommandType='Text', CommandTimeout='30']
      SELECT a.id, a.district, a.full_address, a.is_default, a.latitude, a.longitude, a.type, a.user_id, a.ward
      FROM addresses AS a
      WHERE a.user_id = @__userId_0 AND a.type = @__type_1 AND a.is_default = @__isDefault_2
      LIMIT 1
info: Microsoft.EntityFrameworkCore.Database.Command[20101]
      Executed DbCommand (43ms) [Parameters=[@__userId_0='?' (DbType = Int32), @__type_1='?', @__isDefault_2='?' (DbType = Boolean)], CommandType='Text', CommandTimeout='30']
      SELECT a.id, a.district, a.full_address, a.is_default, a.latitude, a.longitude, a.type, a.user_id, a.ward
      FROM addresses AS a
      WHERE a.user_id = @__userId_0 AND a.type = @__type_1 AND a.is_default = @__isDefault_2
      LIMIT 1
info: Microsoft.EntityFrameworkCore.Database.Command[20101]
      Executed DbCommand (42ms) [Parameters=[@__userId_0='?' (DbType = Int32), @__type_1='?', @__isDefault_2='?' (DbType = Boolean)], CommandType='Text', CommandTimeout='30']
      SELECT a.id, a.district, a.full_address, a.is_default, a.latitude, a.longitude, a.type, a.user_id, a.ward
      FROM addresses AS a
      WHERE a.user_id = @__userId_0 AND a.type = @__type_1 AND a.is_default = @__isDefault_2
      LIMIT 1
info: Microsoft.EntityFrameworkCore.Database.Command[20101]
      Executed DbCommand (43ms) [Parameters=[@__userId_0='?' (DbType = Int32), @__type_1='?', @__isDefault_2='?' (DbType = Boolean)], CommandType='Text', CommandTimeout='30']
      SELECT a.id, a.district, a.full_address, a.is_default, a.latitude, a.longitude, a.type, a.user_id, a.ward
      FROM addresses AS a
      WHERE a.user_id = @__userId_0 AND a.type = @__type_1 AND a.is_default = @__isDefault_2
      LIMIT 1
info: Microsoft.EntityFrameworkCore.Database.Command[20101]
      Executed DbCommand (44ms) [Parameters=[@__name_0='?'], CommandType='Text', CommandTimeout='30']
      SELECT s.id, s.base_price, s.category, s.created_at, s.description, s.estimated_duration_minutes, s.included_service_keys, s.name, s.package_days, s.package_schedule_json, s.service_kind, s.status
      FROM services AS s
      WHERE s.name = @__name_0
      LIMIT 1
info: Microsoft.EntityFrameworkCore.Database.Command[20101]
      Executed DbCommand (47ms) [Parameters=[@__name_0='?'], CommandType='Text', CommandTimeout='30']
      SELECT s.id, s.base_price, s.category, s.created_at, s.description, s.estimated_duration_minutes, s.included_service_keys, s.name, s.package_days, s.package_schedule_json, s.service_kind, s.status
      FROM services AS s
      WHERE s.name = @__name_0
      LIMIT 1
info: Microsoft.EntityFrameworkCore.Database.Command[20101]
      Executed DbCommand (43ms) [Parameters=[@__name_0='?'], CommandType='Text', CommandTimeout='30']
      SELECT s.id, s.base_price, s.category, s.created_at, s.description, s.estimated_duration_minutes, s.included_service_keys, s.name, s.package_days, s.package_schedule_json, s.service_kind, s.status
      FROM services AS s
      WHERE s.name = @__name_0
      LIMIT 1
info: Microsoft.EntityFrameworkCore.Database.Command[20101]
      Executed DbCommand (48ms) [Parameters=[@__name_0='?'], CommandType='Text', CommandTimeout='30']
      SELECT s.id, s.base_price, s.category, s.created_at, s.description, s.estimated_duration_minutes, s.included_service_keys, s.name, s.package_days, s.package_schedule_json, s.service_kind, s.status
      FROM services AS s
      WHERE s.name = @__name_0
      LIMIT 1
info: Microsoft.EntityFrameworkCore.Database.Command[20101]
      Executed DbCommand (46ms) [Parameters=[@__name_0='?'], CommandType='Text', CommandTimeout='30']
      SELECT s.id, s.base_price, s.category, s.created_at, s.description, s.estimated_duration_minutes, s.included_service_keys, s.name, s.package_days, s.package_schedule_json, s.service_kind, s.status
      FROM services AS s
      WHERE s.name = @__name_0
      LIMIT 1
info: Microsoft.EntityFrameworkCore.Database.Command[20101]
      Executed DbCommand (43ms) [Parameters=[@__name_0='?'], CommandType='Text', CommandTimeout='30']
      SELECT s.id, s.base_price, s.category, s.created_at, s.description, s.estimated_duration_minutes, s.included_service_keys, s.name, s.package_days, s.package_schedule_json, s.service_kind, s.status
      FROM services AS s
      WHERE s.name = @__name_0
      LIMIT 1
info: Microsoft.EntityFrameworkCore.Database.Command[20101]
      Executed DbCommand (44ms) [Parameters=[@__name_0='?'], CommandType='Text', CommandTimeout='30']
      SELECT s.id, s.base_price, s.category, s.created_at, s.description, s.estimated_duration_minutes, s.included_service_keys, s.name, s.package_days, s.package_schedule_json, s.service_kind, s.status
      FROM services AS s
      WHERE s.name = @__name_0
      LIMIT 1
info: Microsoft.EntityFrameworkCore.Database.Command[20101]
      Executed DbCommand (44ms) [Parameters=[@__name_0='?'], CommandType='Text', CommandTimeout='30']
      SELECT s.id, s.base_price, s.category, s.created_at, s.description, s.estimated_duration_minutes, s.included_service_keys, s.name, s.package_days, s.package_schedule_json, s.service_kind, s.status
      FROM services AS s
      WHERE s.name = @__name_0
      LIMIT 1
info: Microsoft.EntityFrameworkCore.Database.Command[20101]
      Executed DbCommand (44ms) [Parameters=[@__name_0='?'], CommandType='Text', CommandTimeout='30']
      SELECT s.id, s.base_price, s.category, s.created_at, s.description, s.estimated_duration_minutes, s.included_service_keys, s.name, s.package_days, s.package_schedule_json, s.service_kind, s.status
      FROM services AS s
      WHERE s.name = @__name_0
      LIMIT 1
info: Microsoft.EntityFrameworkCore.Database.Command[20101]
      Executed DbCommand (42ms) [Parameters=[@__name_0='?'], CommandType='Text', CommandTimeout='30']
      SELECT s.id, s.base_price, s.category, s.created_at, s.description, s.estimated_duration_minutes, s.included_service_keys, s.name, s.package_days, s.package_schedule_json, s.service_kind, s.status
      FROM services AS s
      WHERE s.name = @__name_0
      LIMIT 1
info: Microsoft.EntityFrameworkCore.Database.Command[20101]
      Executed DbCommand (44ms) [Parameters=[@__name_0='?'], CommandType='Text', CommandTimeout='30']
      SELECT s.id, s.base_price, s.category, s.created_at, s.description, s.estimated_duration_minutes, s.included_service_keys, s.name, s.package_days, s.package_schedule_json, s.service_kind, s.status
      FROM services AS s
      WHERE s.name = @__name_0
      LIMIT 1
info: Microsoft.EntityFrameworkCore.Database.Command[20101]
      Executed DbCommand (43ms) [Parameters=[@__name_0='?'], CommandType='Text', CommandTimeout='30']
      SELECT s.id, s.base_price, s.category, s.created_at, s.description, s.estimated_duration_minutes, s.included_service_keys, s.name, s.package_days, s.package_schedule_json, s.service_kind, s.status
      FROM services AS s
      WHERE s.name = @__name_0
      LIMIT 1
info: Microsoft.EntityFrameworkCore.Database.Command[20101]
      Executed DbCommand (43ms) [Parameters=[@__name_0='?'], CommandType='Text', CommandTimeout='30']
      SELECT s.id, s.base_price, s.category, s.created_at, s.description, s.estimated_duration_minutes, s.included_service_keys, s.name, s.package_days, s.package_schedule_json, s.service_kind, s.status
      FROM services AS s
      WHERE s.name = @__name_0
      LIMIT 1
info: Microsoft.EntityFrameworkCore.Database.Command[20101]
      Executed DbCommand (44ms) [Parameters=[@__name_0='?'], CommandType='Text', CommandTimeout='30']
      SELECT s.id, s.base_price, s.category, s.created_at, s.description, s.estimated_duration_minutes, s.included_service_keys, s.name, s.package_days, s.package_schedule_json, s.service_kind, s.status
      FROM services AS s
      WHERE s.name = @__name_0
      LIMIT 1
info: Microsoft.EntityFrameworkCore.Database.Command[20101]
      Executed DbCommand (43ms) [Parameters=[@__name_0='?'], CommandType='Text', CommandTimeout='30']
      SELECT s.id, s.base_price, s.category, s.created_at, s.description, s.estimated_duration_minutes, s.included_service_keys, s.name, s.package_days, s.package_schedule_json, s.service_kind, s.status
      FROM services AS s
      WHERE s.name = @__name_0
      LIMIT 1
info: Microsoft.EntityFrameworkCore.Database.Command[20101]
      Executed DbCommand (51ms) [Parameters=[@__name_0='?'], CommandType='Text', CommandTimeout='30']
      SELECT s.id, s.base_price, s.category, s.created_at, s.description, s.estimated_duration_minutes, s.included_service_keys, s.name, s.package_days, s.package_schedule_json, s.service_kind, s.status
      FROM services AS s
      WHERE s.name = @__name_0
      LIMIT 1
info: Microsoft.EntityFrameworkCore.Database.Command[20101]
      Executed DbCommand (43ms) [Parameters=[@__name_0='?'], CommandType='Text', CommandTimeout='30']
      SELECT s.id, s.base_price, s.category, s.created_at, s.description, s.estimated_duration_minutes, s.included_service_keys, s.name, s.package_days, s.package_schedule_json, s.service_kind, s.status
      FROM services AS s
      WHERE s.name = @__name_0
      LIMIT 1
info: Microsoft.EntityFrameworkCore.Database.Command[20101]
      Executed DbCommand (43ms) [Parameters=[@__name_0='?'], CommandType='Text', CommandTimeout='30']
      SELECT s.id, s.base_price, s.category, s.created_at, s.description, s.estimated_duration_minutes, s.included_service_keys, s.name, s.package_days, s.package_schedule_json, s.service_kind, s.status
      FROM services AS s
      WHERE s.name = @__name_0
      LIMIT 1
info: Microsoft.EntityFrameworkCore.Database.Command[20101]
      Executed DbCommand (45ms) [Parameters=[@__name_0='?'], CommandType='Text', CommandTimeout='30']
      SELECT s.id, s.base_price, s.category, s.created_at, s.description, s.estimated_duration_minutes, s.included_service_keys, s.name, s.package_days, s.package_schedule_json, s.service_kind, s.status
      FROM services AS s
      WHERE s.name = @__name_0
      LIMIT 1
info: Microsoft.EntityFrameworkCore.Database.Command[20101]
      Executed DbCommand (45ms) [Parameters=[@__name_0='?'], CommandType='Text', CommandTimeout='30']
      SELECT s.id, s.base_price, s.category, s.created_at, s.description, s.estimated_duration_minutes, s.included_service_keys, s.name, s.package_days, s.package_schedule_json, s.service_kind, s.status
      FROM services AS s
      WHERE s.name = @__name_0
      LIMIT 1
info: Microsoft.EntityFrameworkCore.Database.Command[20101]
      Executed DbCommand (78ms) [Parameters=[@__legacyNames_0='?' (DbType = Object)], CommandType='Text', CommandTimeout='30']
      SELECT s.id, s.base_price, s.category, s.created_at, s.description, s.estimated_duration_minutes, s.included_service_keys, s.name, s.package_days, s.package_schedule_json, s.service_kind, s.status
      FROM services AS s
      WHERE s.name = ANY (@__legacyNames_0)
info: Microsoft.EntityFrameworkCore.Database.Command[20101]
      Executed DbCommand (42ms) [Parameters=[@__userId_0='?' (DbType = Int32)], CommandType='Text', CommandTimeout='30']
      SELECT n.id, n.average_rating, n.bio, n.certificates, n.confirmed_at, n.created_at, n.is_active, n.is_verified, n.rejection_reason, n.service_radius_km, n.specialization, n.updated_at, n.user_id, n.verification_submission_status, n.years_experience
      FROM nurse_profiles AS n
      WHERE n.user_id = @__userId_0
      LIMIT 1
info: Microsoft.EntityFrameworkCore.Database.Command[20101]
      Executed DbCommand (41ms) [Parameters=[@__userId_0='?' (DbType = Int32)], CommandType='Text', CommandTimeout='30']
      SELECT n.id, n.average_rating, n.bio, n.certificates, n.confirmed_at, n.created_at, n.is_active, n.is_verified, n.rejection_reason, n.service_radius_km, n.specialization, n.updated_at, n.user_id, n.verification_submission_status, n.years_experience
      FROM nurse_profiles AS n
      WHERE n.user_id = @__userId_0
      LIMIT 1
info: Microsoft.EntityFrameworkCore.Database.Command[20101]
      Executed DbCommand (46ms) [Parameters=[@__userId_0='?' (DbType = Int32)], CommandType='Text', CommandTimeout='30']
      SELECT n.id, n.average_rating, n.bio, n.certificates, n.confirmed_at, n.created_at, n.is_active, n.is_verified, n.rejection_reason, n.service_radius_km, n.specialization, n.updated_at, n.user_id, n.verification_submission_status, n.years_experience
      FROM nurse_profiles AS n
      WHERE n.user_id = @__userId_0
      LIMIT 1
info: Microsoft.EntityFrameworkCore.Database.Command[20101]
      Executed DbCommand (48ms) [Parameters=[@__nurseProfileId_0='?' (DbType = Int32), @__normalizedType_1='?'], CommandType='Text', CommandTimeout='30']
      SELECT d.id, d.created_at, d.nurse_profile_id, d.public_id, d.status, d.type, d.updated_at
      FROM documents AS d
      WHERE d.nurse_profile_id = @__nurseProfileId_0 AND d.type = @__normalizedType_1
      LIMIT 1
info: Microsoft.EntityFrameworkCore.Database.Command[20101]
      Executed DbCommand (42ms) [Parameters=[@__nurseProfileId_0='?' (DbType = Int32), @__normalizedType_1='?'], CommandType='Text', CommandTimeout='30']
      SELECT d.id, d.created_at, d.nurse_profile_id, d.public_id, d.status, d.type, d.updated_at
      FROM documents AS d
      WHERE d.nurse_profile_id = @__nurseProfileId_0 AND d.type = @__normalizedType_1
      LIMIT 1
info: Microsoft.EntityFrameworkCore.Database.Command[20101]
      Executed DbCommand (43ms) [Parameters=[@__nurseProfileId_0='?' (DbType = Int32), @__normalizedType_1='?'], CommandType='Text', CommandTimeout='30']
      SELECT d.id, d.created_at, d.nurse_profile_id, d.public_id, d.status, d.type, d.updated_at
      FROM documents AS d
      WHERE d.nurse_profile_id = @__nurseProfileId_0 AND d.type = @__normalizedType_1
      LIMIT 1
info: Microsoft.EntityFrameworkCore.Database.Command[20101]
      Executed DbCommand (41ms) [Parameters=[@__nurseProfileId_0='?' (DbType = Int32), @__normalizedType_1='?'], CommandType='Text', CommandTimeout='30']
      SELECT d.id, d.created_at, d.nurse_profile_id, d.public_id, d.status, d.type, d.updated_at
      FROM documents AS d
      WHERE d.nurse_profile_id = @__nurseProfileId_0 AND d.type = @__normalizedType_1
      LIMIT 1
info: Microsoft.EntityFrameworkCore.Database.Command[20101]
      Executed DbCommand (43ms) [Parameters=[@__nurseProfileId_0='?' (DbType = Int32), @__serviceId_1='?' (DbType = Int32)], CommandType='Text', CommandTimeout='30']
      SELECT n.id, n.nurse_profile_id, n.price, n.service_id, n.status, n.unit
      FROM nurse_services AS n
      WHERE n.nurse_profile_id = @__nurseProfileId_0 AND n.service_id = @__serviceId_1
      LIMIT 1
info: Microsoft.EntityFrameworkCore.Database.Command[20101]
      Executed DbCommand (42ms) [Parameters=[@__nurseProfileId_0='?' (DbType = Int32), @__serviceId_1='?' (DbType = Int32)], CommandType='Text', CommandTimeout='30']
      SELECT n.id, n.nurse_profile_id, n.price, n.service_id, n.status, n.unit
      FROM nurse_services AS n
      WHERE n.nurse_profile_id = @__nurseProfileId_0 AND n.service_id = @__serviceId_1
      LIMIT 1
info: Microsoft.EntityFrameworkCore.Database.Command[20101]
      Executed DbCommand (41ms) [Parameters=[@__nurseProfileId_0='?' (DbType = Int32), @__serviceId_1='?' (DbType = Int32)], CommandType='Text', CommandTimeout='30']
      SELECT n.id, n.nurse_profile_id, n.price, n.service_id, n.status, n.unit
      FROM nurse_services AS n
      WHERE n.nurse_profile_id = @__nurseProfileId_0 AND n.service_id = @__serviceId_1
      LIMIT 1
info: Microsoft.EntityFrameworkCore.Database.Command[20101]
      Executed DbCommand (42ms) [Parameters=[@__nurseProfileId_0='?' (DbType = Int32), @__serviceId_1='?' (DbType = Int32)], CommandType='Text', CommandTimeout='30']
      SELECT n.id, n.nurse_profile_id, n.price, n.service_id, n.status, n.unit
      FROM nurse_services AS n
      WHERE n.nurse_profile_id = @__nurseProfileId_0 AND n.service_id = @__serviceId_1
      LIMIT 1
info: Microsoft.EntityFrameworkCore.Database.Command[20101]
      Executed DbCommand (42ms) [Parameters=[@__nurseProfileId_0='?' (DbType = Int32), @__serviceId_1='?' (DbType = Int32)], CommandType='Text', CommandTimeout='30']
      SELECT n.id, n.nurse_profile_id, n.price, n.service_id, n.status, n.unit
      FROM nurse_services AS n
      WHERE n.nurse_profile_id = @__nurseProfileId_0 AND n.service_id = @__serviceId_1
      LIMIT 1
info: Microsoft.EntityFrameworkCore.Database.Command[20101]
      Executed DbCommand (41ms) [Parameters=[@__nurseProfileId_0='?' (DbType = Int32), @__serviceId_1='?' (DbType = Int32)], CommandType='Text', CommandTimeout='30']
      SELECT n.id, n.nurse_profile_id, n.price, n.service_id, n.status, n.unit
      FROM nurse_services AS n
      WHERE n.nurse_profile_id = @__nurseProfileId_0 AND n.service_id = @__serviceId_1
      LIMIT 1
info: Microsoft.EntityFrameworkCore.Database.Command[20101]
      Executed DbCommand (41ms) [Parameters=[@__nurseProfileId_0='?' (DbType = Int32), @__serviceId_1='?' (DbType = Int32)], CommandType='Text', CommandTimeout='30']
      SELECT n.id, n.nurse_profile_id, n.price, n.service_id, n.status, n.unit
      FROM nurse_services AS n
      WHERE n.nurse_profile_id = @__nurseProfileId_0 AND n.service_id = @__serviceId_1
      LIMIT 1
info: Microsoft.EntityFrameworkCore.Database.Command[20101]
      Executed DbCommand (44ms) [Parameters=[@__nurseProfileId_0='?' (DbType = Int32), @__serviceId_1='?' (DbType = Int32)], CommandType='Text', CommandTimeout='30']
      SELECT n.id, n.nurse_profile_id, n.price, n.service_id, n.status, n.unit
      FROM nurse_services AS n
      WHERE n.nurse_profile_id = @__nurseProfileId_0 AND n.service_id = @__serviceId_1
      LIMIT 1
info: Microsoft.EntityFrameworkCore.Database.Command[20101]
      Executed DbCommand (42ms) [Parameters=[@__nurseProfileId_0='?' (DbType = Int32), @__serviceId_1='?' (DbType = Int32)], CommandType='Text', CommandTimeout='30']
      SELECT n.id, n.nurse_profile_id, n.price, n.service_id, n.status, n.unit
      FROM nurse_services AS n
      WHERE n.nurse_profile_id = @__nurseProfileId_0 AND n.service_id = @__serviceId_1
      LIMIT 1
info: Microsoft.EntityFrameworkCore.Database.Command[20101]
      Executed DbCommand (45ms) [Parameters=[@__nurseProfileId_0='?' (DbType = Int32), @__serviceId_1='?' (DbType = Int32)], CommandType='Text', CommandTimeout='30']
      SELECT n.id, n.nurse_profile_id, n.price, n.service_id, n.status, n.unit
      FROM nurse_services AS n
      WHERE n.nurse_profile_id = @__nurseProfileId_0 AND n.service_id = @__serviceId_1
      LIMIT 1
info: Microsoft.EntityFrameworkCore.Database.Command[20101]
      Executed DbCommand (42ms) [Parameters=[@__nurseProfileId_0='?' (DbType = Int32), @__serviceId_1='?' (DbType = Int32)], CommandType='Text', CommandTimeout='30']
      SELECT n.id, n.nurse_profile_id, n.price, n.service_id, n.status, n.unit
      FROM nurse_services AS n
      WHERE n.nurse_profile_id = @__nurseProfileId_0 AND n.service_id = @__serviceId_1
      LIMIT 1
info: Microsoft.EntityFrameworkCore.Database.Command[20101]
      Executed DbCommand (41ms) [Parameters=[@__nurseProfileId_0='?' (DbType = Int32), @__serviceId_1='?' (DbType = Int32)], CommandType='Text', CommandTimeout='30']
      SELECT n.id, n.nurse_profile_id, n.price, n.service_id, n.status, n.unit
      FROM nurse_services AS n
      WHERE n.nurse_profile_id = @__nurseProfileId_0 AND n.service_id = @__serviceId_1
      LIMIT 1
info: Microsoft.EntityFrameworkCore.Database.Command[20101]
      Executed DbCommand (42ms) [Parameters=[@__nurseProfileId_0='?' (DbType = Int32), @__serviceId_1='?' (DbType = Int32)], CommandType='Text', CommandTimeout='30']
      SELECT n.id, n.nurse_profile_id, n.price, n.service_id, n.status, n.unit
      FROM nurse_services AS n
      WHERE n.nurse_profile_id = @__nurseProfileId_0 AND n.service_id = @__serviceId_1
      LIMIT 1
info: Microsoft.EntityFrameworkCore.Database.Command[20101]
      Executed DbCommand (41ms) [Parameters=[@__nurseProfileId_0='?' (DbType = Int32), @__serviceId_1='?' (DbType = Int32)], CommandType='Text', CommandTimeout='30']
      SELECT n.id, n.nurse_profile_id, n.price, n.service_id, n.status, n.unit
      FROM nurse_services AS n
      WHERE n.nurse_profile_id = @__nurseProfileId_0 AND n.service_id = @__serviceId_1
      LIMIT 1
info: Microsoft.EntityFrameworkCore.Database.Command[20101]
      Executed DbCommand (44ms) [Parameters=[@__nurseProfileId_0='?' (DbType = Int32), @__serviceId_1='?' (DbType = Int32)], CommandType='Text', CommandTimeout='30']
      SELECT n.id, n.nurse_profile_id, n.price, n.service_id, n.status, n.unit
      FROM nurse_services AS n
      WHERE n.nurse_profile_id = @__nurseProfileId_0 AND n.service_id = @__serviceId_1
      LIMIT 1
info: Microsoft.EntityFrameworkCore.Database.Command[20101]
      Executed DbCommand (43ms) [Parameters=[@__nurseProfileId_0='?' (DbType = Int32), @__serviceId_1='?' (DbType = Int32)], CommandType='Text', CommandTimeout='30']
      SELECT n.id, n.nurse_profile_id, n.price, n.service_id, n.status, n.unit
      FROM nurse_services AS n
      WHERE n.nurse_profile_id = @__nurseProfileId_0 AND n.service_id = @__serviceId_1
      LIMIT 1
info: Microsoft.EntityFrameworkCore.Database.Command[20101]
      Executed DbCommand (40ms) [Parameters=[@__nurseProfileId_0='?' (DbType = Int32), @__serviceId_1='?' (DbType = Int32)], CommandType='Text', CommandTimeout='30']
      SELECT n.id, n.nurse_profile_id, n.price, n.service_id, n.status, n.unit
      FROM nurse_services AS n
      WHERE n.nurse_profile_id = @__nurseProfileId_0 AND n.service_id = @__serviceId_1
      LIMIT 1
info: Microsoft.EntityFrameworkCore.Database.Command[20101]
      Executed DbCommand (43ms) [Parameters=[@__nurseProfileId_0='?' (DbType = Int32), @__serviceId_1='?' (DbType = Int32)], CommandType='Text', CommandTimeout='30']
      SELECT n.id, n.nurse_profile_id, n.price, n.service_id, n.status, n.unit
      FROM nurse_services AS n
      WHERE n.nurse_profile_id = @__nurseProfileId_0 AND n.service_id = @__serviceId_1
      LIMIT 1
info: Microsoft.EntityFrameworkCore.Database.Command[20101]
      Executed DbCommand (50ms) [Parameters=[@__nurseProfileId_0='?' (DbType = Int32), @__serviceId_1='?' (DbType = Int32)], CommandType='Text', CommandTimeout='30']
      SELECT n.id, n.nurse_profile_id, n.price, n.service_id, n.status, n.unit
      FROM nurse_services AS n
      WHERE n.nurse_profile_id = @__nurseProfileId_0 AND n.service_id = @__serviceId_1
      LIMIT 1
info: Microsoft.EntityFrameworkCore.Database.Command[20101]
      Executed DbCommand (42ms) [Parameters=[@__nurseProfileId_0='?' (DbType = Int32), @__serviceId_1='?' (DbType = Int32)], CommandType='Text', CommandTimeout='30']
      SELECT n.id, n.nurse_profile_id, n.price, n.service_id, n.status, n.unit
      FROM nurse_services AS n
      WHERE n.nurse_profile_id = @__nurseProfileId_0 AND n.service_id = @__serviceId_1
      LIMIT 1
info: Microsoft.EntityFrameworkCore.Database.Command[20101]
      Executed DbCommand (43ms) [Parameters=[@__nurseProfileId_0='?' (DbType = Int32), @__serviceId_1='?' (DbType = Int32)], CommandType='Text', CommandTimeout='30']
      SELECT n.id, n.nurse_profile_id, n.price, n.service_id, n.status, n.unit
      FROM nurse_services AS n
      WHERE n.nurse_profile_id = @__nurseProfileId_0 AND n.service_id = @__serviceId_1
      LIMIT 1
info: Microsoft.EntityFrameworkCore.Database.Command[20101]
      Executed DbCommand (45ms) [Parameters=[@__nurseProfileId_0='?' (DbType = Int32), @__serviceId_1='?' (DbType = Int32)], CommandType='Text', CommandTimeout='30']
      SELECT n.id, n.nurse_profile_id, n.price, n.service_id, n.status, n.unit
      FROM nurse_services AS n
      WHERE n.nurse_profile_id = @__nurseProfileId_0 AND n.service_id = @__serviceId_1
      LIMIT 1
info: Microsoft.EntityFrameworkCore.Database.Command[20101]
      Executed DbCommand (51ms) [Parameters=[@__nurseProfileId_0='?' (DbType = Int32), @__serviceId_1='?' (DbType = Int32)], CommandType='Text', CommandTimeout='30']
      SELECT n.id, n.nurse_profile_id, n.price, n.service_id, n.status, n.unit
      FROM nurse_services AS n
      WHERE n.nurse_profile_id = @__nurseProfileId_0 AND n.service_id = @__serviceId_1
      LIMIT 1
info: Microsoft.EntityFrameworkCore.Database.Command[20101]
      Executed DbCommand (42ms) [Parameters=[@__nurseProfileId_0='?' (DbType = Int32), @__serviceId_1='?' (DbType = Int32)], CommandType='Text', CommandTimeout='30']
      SELECT n.id, n.nurse_profile_id, n.price, n.service_id, n.status, n.unit
      FROM nurse_services AS n
      WHERE n.nurse_profile_id = @__nurseProfileId_0 AND n.service_id = @__serviceId_1
      LIMIT 1
info: Microsoft.EntityFrameworkCore.Database.Command[20101]
      Executed DbCommand (42ms) [Parameters=[@__normalizedEmail_0='?'], CommandType='Text', CommandTimeout='30']
      SELECT u.id, u.access_failed_count, u.avatar, u.bank_account_name, u.bank_account_number, u.bank_bin, u.concurrency_stamp, u.created_at, u.email, u.email_confirmed, u.full_name, u.lockout_enabled, u.lockout_end, u.normalized_email, u.normalized_user_name, u.password_hash, u.phone, u.phone_confirmed, u.security_stamp, u.status, u.two_factor_enabled, u.updated_at, u.user_name
      FROM users AS u
      WHERE u.normalized_email = @__normalizedEmail_0
      LIMIT 2
info: Microsoft.EntityFrameworkCore.Database.Command[20101]
      Executed DbCommand (43ms) [Parameters=[@__userId_0='?' (DbType = Int32)], CommandType='Text', CommandTimeout='30']
      SELECT r.code
      FROM user_roles AS u
      INNER JOIN roles AS r ON u.role_id = r.id
      WHERE u.user_id = @__userId_0
info: Microsoft.EntityFrameworkCore.Database.Command[20101]
      Executed DbCommand (43ms) [Parameters=[@__userId_0='?' (DbType = Int32), @__type_1='?', @__isDefault_2='?' (DbType = Boolean)], CommandType='Text', CommandTimeout='30']
      SELECT a.id, a.district, a.full_address, a.is_default, a.latitude, a.longitude, a.type, a.user_id, a.ward
      FROM addresses AS a
      WHERE a.user_id = @__userId_0 AND a.type = @__type_1 AND a.is_default = @__isDefault_2
      LIMIT 1
info: Microsoft.EntityFrameworkCore.Database.Command[20101]
      Executed DbCommand (46ms) [Parameters=[@__userId_0='?' (DbType = Int32)], CommandType='Text', CommandTimeout='30']
      SELECT n.id, n.average_rating, n.bio, n.certificates, n.confirmed_at, n.created_at, n.is_active, n.is_verified, n.rejection_reason, n.service_radius_km, n.specialization, n.updated_at, n.user_id, n.verification_submission_status, n.years_experience
      FROM nurse_profiles AS n
      WHERE n.user_id = @__userId_0
      LIMIT 1
info: Microsoft.EntityFrameworkCore.Database.Command[20101]
      Executed DbCommand (42ms) [Parameters=[@p1='?' (DbType = Int32), @p0='?' (DbType = DateTime), @p3='?' (DbType = Int32), @p2='?' (DbType = DateTime), @p5='?' (DbType = Int32), @p4='?' (DbType = DateTime), @p7='?' (DbType = Int32), @p6='?' (DbType = DateTime)], CommandType='Text', CommandTimeout='30']
      UPDATE documents SET updated_at = @p0
      WHERE id = @p1;
      UPDATE documents SET updated_at = @p2
      WHERE id = @p3;
      UPDATE documents SET updated_at = @p4
      WHERE id = @p5;
      UPDATE documents SET updated_at = @p6
      WHERE id = @p7;
info: Microsoft.EntityFrameworkCore.Database.Command[20101]
      Executed DbCommand (42ms) [Parameters=[@__nurseProfileId_0='?' (DbType = Int32), @__normalizedType_1='?'], CommandType='Text', CommandTimeout='30']
      SELECT d.id, d.created_at, d.nurse_profile_id, d.public_id, d.status, d.type, d.updated_at
      FROM documents AS d
      WHERE d.nurse_profile_id = @__nurseProfileId_0 AND d.type = @__normalizedType_1
      LIMIT 1
info: Microsoft.EntityFrameworkCore.Database.Command[20101]
      Executed DbCommand (42ms) [Parameters=[@__nurseProfileId_0='?' (DbType = Int32), @__normalizedType_1='?'], CommandType='Text', CommandTimeout='30']
      SELECT d.id, d.created_at, d.nurse_profile_id, d.public_id, d.status, d.type, d.updated_at
      FROM documents AS d
      WHERE d.nurse_profile_id = @__nurseProfileId_0 AND d.type = @__normalizedType_1
      LIMIT 1
info: Microsoft.EntityFrameworkCore.Database.Command[20101]
      Executed DbCommand (43ms) [Parameters=[@__nurseProfileId_0='?' (DbType = Int32), @__serviceId_1='?' (DbType = Int32)], CommandType='Text', CommandTimeout='30']
      SELECT n.id, n.nurse_profile_id, n.price, n.service_id, n.status, n.unit
      FROM nurse_services AS n
      WHERE n.nurse_profile_id = @__nurseProfileId_0 AND n.service_id = @__serviceId_1
      LIMIT 1
info: Microsoft.EntityFrameworkCore.Database.Command[20101]
      Executed DbCommand (50ms) [Parameters=[@__nurseProfileId_0='?' (DbType = Int32), @__serviceId_1='?' (DbType = Int32)], CommandType='Text', CommandTimeout='30']
      SELECT n.id, n.nurse_profile_id, n.price, n.service_id, n.status, n.unit
      FROM nurse_services AS n
      WHERE n.nurse_profile_id = @__nurseProfileId_0 AND n.service_id = @__serviceId_1
      LIMIT 1
info: Microsoft.EntityFrameworkCore.Database.Command[20101]
      Executed DbCommand (44ms) [Parameters=[@__nurseProfileId_0='?' (DbType = Int32), @__serviceId_1='?' (DbType = Int32)], CommandType='Text', CommandTimeout='30']
      SELECT n.id, n.nurse_profile_id, n.price, n.service_id, n.status, n.unit
      FROM nurse_services AS n
      WHERE n.nurse_profile_id = @__nurseProfileId_0 AND n.service_id = @__serviceId_1
      LIMIT 1
info: Microsoft.EntityFrameworkCore.Database.Command[20101]
      Executed DbCommand (45ms) [Parameters=[@__nurseProfileId_0='?' (DbType = Int32), @__serviceId_1='?' (DbType = Int32)], CommandType='Text', CommandTimeout='30']
      SELECT n.id, n.nurse_profile_id, n.price, n.service_id, n.status, n.unit
      FROM nurse_services AS n
      WHERE n.nurse_profile_id = @__nurseProfileId_0 AND n.service_id = @__serviceId_1
      LIMIT 1
info: Microsoft.EntityFrameworkCore.Database.Command[20101]
      Executed DbCommand (43ms) [Parameters=[@__nurseProfileId_0='?' (DbType = Int32), @__start_1='?' (DbType = DateTime), @__end_2='?' (DbType = DateTime)], CommandType='Text', CommandTimeout='30']
      SELECT a.id, a.end_time, a.nurse_profile_id, a.start_time
      FROM availability_slots AS a
      WHERE a.nurse_profile_id = @__nurseProfileId_0 AND a.start_time = @__start_1 AND a.end_time = @__end_2
      LIMIT 1
info: Microsoft.EntityFrameworkCore.Database.Command[20101]
      Executed DbCommand (46ms) [Parameters=[@__nurseProfileId_0='?' (DbType = Int32), @__start_1='?' (DbType = DateTime), @__end_2='?' (DbType = DateTime)], CommandType='Text', CommandTimeout='30']
      SELECT a.id, a.end_time, a.nurse_profile_id, a.start_time
      FROM availability_slots AS a
      WHERE a.nurse_profile_id = @__nurseProfileId_0 AND a.start_time = @__start_1 AND a.end_time = @__end_2
      LIMIT 1
info: Microsoft.EntityFrameworkCore.Database.Command[20101]
      Executed DbCommand (43ms) [Parameters=[@__normalizedEmail_0='?'], CommandType='Text', CommandTimeout='30']
      SELECT u.id, u.access_failed_count, u.avatar, u.bank_account_name, u.bank_account_number, u.bank_bin, u.concurrency_stamp, u.created_at, u.email, u.email_confirmed, u.full_name, u.lockout_enabled, u.lockout_end, u.normalized_email, u.normalized_user_name, u.password_hash, u.phone, u.phone_confirmed, u.security_stamp, u.status, u.two_factor_enabled, u.updated_at, u.user_name
      FROM users AS u
      WHERE u.normalized_email = @__normalizedEmail_0
      LIMIT 2
info: Microsoft.EntityFrameworkCore.Database.Command[20101]
      Executed DbCommand (41ms) [Parameters=[@__userId_0='?' (DbType = Int32)], CommandType='Text', CommandTimeout='30']
      SELECT r.code
      FROM user_roles AS u
      INNER JOIN roles AS r ON u.role_id = r.id
      WHERE u.user_id = @__userId_0
info: Microsoft.EntityFrameworkCore.Database.Command[20101]
      Executed DbCommand (45ms) [Parameters=[@__userId_0='?' (DbType = Int32), @__type_1='?', @__isDefault_2='?' (DbType = Boolean)], CommandType='Text', CommandTimeout='30']
      SELECT a.id, a.district, a.full_address, a.is_default, a.latitude, a.longitude, a.type, a.user_id, a.ward
      FROM addresses AS a
      WHERE a.user_id = @__userId_0 AND a.type = @__type_1 AND a.is_default = @__isDefault_2
      LIMIT 1
info: Microsoft.EntityFrameworkCore.Database.Command[20101]
      Executed DbCommand (43ms) [Parameters=[@__userId_0='?' (DbType = Int32)], CommandType='Text', CommandTimeout='30']
      SELECT n.id, n.average_rating, n.bio, n.certificates, n.confirmed_at, n.created_at, n.is_active, n.is_verified, n.rejection_reason, n.service_radius_km, n.specialization, n.updated_at, n.user_id, n.verification_submission_status, n.years_experience
      FROM nurse_profiles AS n
      WHERE n.user_id = @__userId_0
      LIMIT 1
info: Microsoft.EntityFrameworkCore.Database.Command[20101]
      Executed DbCommand (48ms) [Parameters=[@p1='?' (DbType = Int32), @p0='?' (DbType = DateTime), @p3='?' (DbType = Int32), @p2='?' (DbType = DateTime)], CommandType='Text', CommandTimeout='30']
      UPDATE documents SET updated_at = @p0
      WHERE id = @p1;
      UPDATE documents SET updated_at = @p2
      WHERE id = @p3;
info: Microsoft.EntityFrameworkCore.Database.Command[20101]
      Executed DbCommand (43ms) [Parameters=[@__nurseProfileId_0='?' (DbType = Int32), @__normalizedType_1='?'], CommandType='Text', CommandTimeout='30']
      SELECT d.id, d.created_at, d.nurse_profile_id, d.public_id, d.status, d.type, d.updated_at
      FROM documents AS d
      WHERE d.nurse_profile_id = @__nurseProfileId_0 AND d.type = @__normalizedType_1
      LIMIT 1
info: Microsoft.EntityFrameworkCore.Database.Command[20101]
      Executed DbCommand (46ms) [Parameters=[@__nurseProfileId_0='?' (DbType = Int32), @__normalizedType_1='?'], CommandType='Text', CommandTimeout='30']
      SELECT d.id, d.created_at, d.nurse_profile_id, d.public_id, d.status, d.type, d.updated_at
      FROM documents AS d
      WHERE d.nurse_profile_id = @__nurseProfileId_0 AND d.type = @__normalizedType_1
      LIMIT 1
info: Microsoft.EntityFrameworkCore.Database.Command[20101]
      Executed DbCommand (44ms) [Parameters=[@__nurseProfileId_0='?' (DbType = Int32), @__serviceId_1='?' (DbType = Int32)], CommandType='Text', CommandTimeout='30']
      SELECT n.id, n.nurse_profile_id, n.price, n.service_id, n.status, n.unit
      FROM nurse_services AS n
      WHERE n.nurse_profile_id = @__nurseProfileId_0 AND n.service_id = @__serviceId_1
      LIMIT 1
info: Microsoft.EntityFrameworkCore.Database.Command[20101]
      Executed DbCommand (41ms) [Parameters=[@__nurseProfileId_0='?' (DbType = Int32), @__serviceId_1='?' (DbType = Int32)], CommandType='Text', CommandTimeout='30']
      SELECT n.id, n.nurse_profile_id, n.price, n.service_id, n.status, n.unit
      FROM nurse_services AS n
      WHERE n.nurse_profile_id = @__nurseProfileId_0 AND n.service_id = @__serviceId_1
      LIMIT 1
info: Microsoft.EntityFrameworkCore.Database.Command[20101]
      Executed DbCommand (43ms) [Parameters=[@__nurseProfileId_0='?' (DbType = Int32), @__serviceId_1='?' (DbType = Int32)], CommandType='Text', CommandTimeout='30']
      SELECT n.id, n.nurse_profile_id, n.price, n.service_id, n.status, n.unit
      FROM nurse_services AS n
      WHERE n.nurse_profile_id = @__nurseProfileId_0 AND n.service_id = @__serviceId_1
      LIMIT 1
info: Microsoft.EntityFrameworkCore.Database.Command[20101]
      Executed DbCommand (45ms) [Parameters=[@__nurseProfileId_0='?' (DbType = Int32), @__serviceId_1='?' (DbType = Int32)], CommandType='Text', CommandTimeout='30']
      SELECT n.id, n.nurse_profile_id, n.price, n.service_id, n.status, n.unit
      FROM nurse_services AS n
      WHERE n.nurse_profile_id = @__nurseProfileId_0 AND n.service_id = @__serviceId_1
      LIMIT 1
info: Microsoft.EntityFrameworkCore.Database.Command[20101]
      Executed DbCommand (43ms) [Parameters=[@__nurseProfileId_0='?' (DbType = Int32), @__start_1='?' (DbType = DateTime), @__end_2='?' (DbType = DateTime)], CommandType='Text', CommandTimeout='30']
      SELECT a.id, a.end_time, a.nurse_profile_id, a.start_time
      FROM availability_slots AS a
      WHERE a.nurse_profile_id = @__nurseProfileId_0 AND a.start_time = @__start_1 AND a.end_time = @__end_2
      LIMIT 1
info: Microsoft.EntityFrameworkCore.Database.Command[20101]
      Executed DbCommand (44ms) [Parameters=[@__nurseProfileId_0='?' (DbType = Int32), @__start_1='?' (DbType = DateTime), @__end_2='?' (DbType = DateTime)], CommandType='Text', CommandTimeout='30']
      SELECT a.id, a.end_time, a.nurse_profile_id, a.start_time
      FROM availability_slots AS a
      WHERE a.nurse_profile_id = @__nurseProfileId_0 AND a.start_time = @__start_1 AND a.end_time = @__end_2
      LIMIT 1
info: Microsoft.EntityFrameworkCore.Database.Command[20101]
      Executed DbCommand (48ms) [Parameters=[@__normalizedEmail_0='?'], CommandType='Text', CommandTimeout='30']
      SELECT u.id, u.access_failed_count, u.avatar, u.bank_account_name, u.bank_account_number, u.bank_bin, u.concurrency_stamp, u.created_at, u.email, u.email_confirmed, u.full_name, u.lockout_enabled, u.lockout_end, u.normalized_email, u.normalized_user_name, u.password_hash, u.phone, u.phone_confirmed, u.security_stamp, u.status, u.two_factor_enabled, u.updated_at, u.user_name
      FROM users AS u
      WHERE u.normalized_email = @__normalizedEmail_0
      LIMIT 2
info: Microsoft.EntityFrameworkCore.Database.Command[20101]
      Executed DbCommand (42ms) [Parameters=[@__userId_0='?' (DbType = Int32)], CommandType='Text', CommandTimeout='30']
      SELECT r.code
      FROM user_roles AS u
      INNER JOIN roles AS r ON u.role_id = r.id
      WHERE u.user_id = @__userId_0
info: Microsoft.EntityFrameworkCore.Database.Command[20101]
      Executed DbCommand (40ms) [Parameters=[@__userId_0='?' (DbType = Int32), @__type_1='?', @__isDefault_2='?' (DbType = Boolean)], CommandType='Text', CommandTimeout='30']
      SELECT a.id, a.district, a.full_address, a.is_default, a.latitude, a.longitude, a.type, a.user_id, a.ward
      FROM addresses AS a
      WHERE a.user_id = @__userId_0 AND a.type = @__type_1 AND a.is_default = @__isDefault_2
      LIMIT 1
info: Microsoft.EntityFrameworkCore.Database.Command[20101]
      Executed DbCommand (41ms) [Parameters=[@__userId_0='?' (DbType = Int32)], CommandType='Text', CommandTimeout='30']
      SELECT n.id, n.average_rating, n.bio, n.certificates, n.confirmed_at, n.created_at, n.is_active, n.is_verified, n.rejection_reason, n.service_radius_km, n.specialization, n.updated_at, n.user_id, n.verification_submission_status, n.years_experience
      FROM nurse_profiles AS n
      WHERE n.user_id = @__userId_0
      LIMIT 1
info: Microsoft.EntityFrameworkCore.Database.Command[20101]
      Executed DbCommand (43ms) [Parameters=[@p1='?' (DbType = Int32), @p0='?' (DbType = DateTime), @p3='?' (DbType = Int32), @p2='?' (DbType = DateTime)], CommandType='Text', CommandTimeout='30']
      UPDATE documents SET updated_at = @p0
      WHERE id = @p1;
      UPDATE documents SET updated_at = @p2
      WHERE id = @p3;
info: Microsoft.EntityFrameworkCore.Database.Command[20101]
      Executed DbCommand (41ms) [Parameters=[@__nurseProfileId_0='?' (DbType = Int32), @__normalizedType_1='?'], CommandType='Text', CommandTimeout='30']
      SELECT d.id, d.created_at, d.nurse_profile_id, d.public_id, d.status, d.type, d.updated_at
      FROM documents AS d
      WHERE d.nurse_profile_id = @__nurseProfileId_0 AND d.type = @__normalizedType_1
      LIMIT 1
info: Microsoft.EntityFrameworkCore.Database.Command[20101]
      Executed DbCommand (40ms) [Parameters=[@__nurseProfileId_0='?' (DbType = Int32), @__normalizedType_1='?'], CommandType='Text', CommandTimeout='30']
      SELECT d.id, d.created_at, d.nurse_profile_id, d.public_id, d.status, d.type, d.updated_at
      FROM documents AS d
      WHERE d.nurse_profile_id = @__nurseProfileId_0 AND d.type = @__normalizedType_1
      LIMIT 1
info: Microsoft.EntityFrameworkCore.Database.Command[20101]
      Executed DbCommand (43ms) [Parameters=[@__nurseProfileId_0='?' (DbType = Int32), @__serviceId_1='?' (DbType = Int32)], CommandType='Text', CommandTimeout='30']
      SELECT n.id, n.nurse_profile_id, n.price, n.service_id, n.status, n.unit
      FROM nurse_services AS n
      WHERE n.nurse_profile_id = @__nurseProfileId_0 AND n.service_id = @__serviceId_1
      LIMIT 1
info: Microsoft.EntityFrameworkCore.Database.Command[20101]
      Executed DbCommand (41ms) [Parameters=[@__nurseProfileId_0='?' (DbType = Int32), @__serviceId_1='?' (DbType = Int32)], CommandType='Text', CommandTimeout='30']
      SELECT n.id, n.nurse_profile_id, n.price, n.service_id, n.status, n.unit
      FROM nurse_services AS n
      WHERE n.nurse_profile_id = @__nurseProfileId_0 AND n.service_id = @__serviceId_1
      LIMIT 1
info: Microsoft.EntityFrameworkCore.Database.Command[20101]
      Executed DbCommand (42ms) [Parameters=[@__nurseProfileId_0='?' (DbType = Int32), @__serviceId_1='?' (DbType = Int32)], CommandType='Text', CommandTimeout='30']
      SELECT n.id, n.nurse_profile_id, n.price, n.service_id, n.status, n.unit
      FROM nurse_services AS n
      WHERE n.nurse_profile_id = @__nurseProfileId_0 AND n.service_id = @__serviceId_1
      LIMIT 1
info: Microsoft.EntityFrameworkCore.Database.Command[20101]
      Executed DbCommand (42ms) [Parameters=[@__nurseProfileId_0='?' (DbType = Int32), @__serviceId_1='?' (DbType = Int32)], CommandType='Text', CommandTimeout='30']
      SELECT n.id, n.nurse_profile_id, n.price, n.service_id, n.status, n.unit
      FROM nurse_services AS n
      WHERE n.nurse_profile_id = @__nurseProfileId_0 AND n.service_id = @__serviceId_1
      LIMIT 1
info: Microsoft.EntityFrameworkCore.Database.Command[20101]
      Executed DbCommand (43ms) [Parameters=[@__nurseProfileId_0='?' (DbType = Int32), @__start_1='?' (DbType = DateTime), @__end_2='?' (DbType = DateTime)], CommandType='Text', CommandTimeout='30']
      SELECT a.id, a.end_time, a.nurse_profile_id, a.start_time
      FROM availability_slots AS a
      WHERE a.nurse_profile_id = @__nurseProfileId_0 AND a.start_time = @__start_1 AND a.end_time = @__end_2
      LIMIT 1
info: Microsoft.EntityFrameworkCore.Database.Command[20101]
      Executed DbCommand (42ms) [Parameters=[@__nurseProfileId_0='?' (DbType = Int32), @__start_1='?' (DbType = DateTime), @__end_2='?' (DbType = DateTime)], CommandType='Text', CommandTimeout='30']
      SELECT a.id, a.end_time, a.nurse_profile_id, a.start_time
      FROM availability_slots AS a
      WHERE a.nurse_profile_id = @__nurseProfileId_0 AND a.start_time = @__start_1 AND a.end_time = @__end_2
      LIMIT 1
info: Microsoft.EntityFrameworkCore.Database.Command[20101]
      Executed DbCommand (43ms) [Parameters=[@__normalizedEmail_0='?'], CommandType='Text', CommandTimeout='30']
      SELECT u.id, u.access_failed_count, u.avatar, u.bank_account_name, u.bank_account_number, u.bank_bin, u.concurrency_stamp, u.created_at, u.email, u.email_confirmed, u.full_name, u.lockout_enabled, u.lockout_end, u.normalized_email, u.normalized_user_name, u.password_hash, u.phone, u.phone_confirmed, u.security_stamp, u.status, u.two_factor_enabled, u.updated_at, u.user_name
      FROM users AS u
      WHERE u.normalized_email = @__normalizedEmail_0
      LIMIT 2
info: Microsoft.EntityFrameworkCore.Database.Command[20101]
      Executed DbCommand (43ms) [Parameters=[@__userId_0='?' (DbType = Int32)], CommandType='Text', CommandTimeout='30']
      SELECT r.code
      FROM user_roles AS u
      INNER JOIN roles AS r ON u.role_id = r.id
      WHERE u.user_id = @__userId_0
info: Microsoft.EntityFrameworkCore.Database.Command[20101]
      Executed DbCommand (51ms) [Parameters=[@__userId_0='?' (DbType = Int32), @__type_1='?', @__isDefault_2='?' (DbType = Boolean)], CommandType='Text', CommandTimeout='30']
      SELECT a.id, a.district, a.full_address, a.is_default, a.latitude, a.longitude, a.type, a.user_id, a.ward
      FROM addresses AS a
      WHERE a.user_id = @__userId_0 AND a.type = @__type_1 AND a.is_default = @__isDefault_2
      LIMIT 1
info: Microsoft.EntityFrameworkCore.Database.Command[20101]
      Executed DbCommand (46ms) [Parameters=[@__userId_0='?' (DbType = Int32)], CommandType='Text', CommandTimeout='30']
      SELECT n.id, n.average_rating, n.bio, n.certificates, n.confirmed_at, n.created_at, n.is_active, n.is_verified, n.rejection_reason, n.service_radius_km, n.specialization, n.updated_at, n.user_id, n.verification_submission_status, n.years_experience
      FROM nurse_profiles AS n
      WHERE n.user_id = @__userId_0
      LIMIT 1
info: Microsoft.EntityFrameworkCore.Database.Command[20101]
      Executed DbCommand (49ms) [Parameters=[@p1='?' (DbType = Int32), @p0='?' (DbType = DateTime), @p3='?' (DbType = Int32), @p2='?' (DbType = DateTime)], CommandType='Text', CommandTimeout='30']
      UPDATE documents SET updated_at = @p0
      WHERE id = @p1;
      UPDATE documents SET updated_at = @p2
      WHERE id = @p3;
info: Microsoft.EntityFrameworkCore.Database.Command[20101]
      Executed DbCommand (48ms) [Parameters=[@__nurseProfileId_0='?' (DbType = Int32), @__normalizedType_1='?'], CommandType='Text', CommandTimeout='30']
      SELECT d.id, d.created_at, d.nurse_profile_id, d.public_id, d.status, d.type, d.updated_at
      FROM documents AS d
      WHERE d.nurse_profile_id = @__nurseProfileId_0 AND d.type = @__normalizedType_1
      LIMIT 1
info: Microsoft.EntityFrameworkCore.Database.Command[20101]
      Executed DbCommand (43ms) [Parameters=[@__nurseProfileId_0='?' (DbType = Int32), @__normalizedType_1='?'], CommandType='Text', CommandTimeout='30']
      SELECT d.id, d.created_at, d.nurse_profile_id, d.public_id, d.status, d.type, d.updated_at
      FROM documents AS d
      WHERE d.nurse_profile_id = @__nurseProfileId_0 AND d.type = @__normalizedType_1
      LIMIT 1
info: Microsoft.EntityFrameworkCore.Database.Command[20101]
      Executed DbCommand (44ms) [Parameters=[@__nurseProfileId_0='?' (DbType = Int32), @__serviceId_1='?' (DbType = Int32)], CommandType='Text', CommandTimeout='30']
      SELECT n.id, n.nurse_profile_id, n.price, n.service_id, n.status, n.unit
      FROM nurse_services AS n
      WHERE n.nurse_profile_id = @__nurseProfileId_0 AND n.service_id = @__serviceId_1
      LIMIT 1
info: Microsoft.EntityFrameworkCore.Database.Command[20101]
      Executed DbCommand (115ms) [Parameters=[@__nurseProfileId_0='?' (DbType = Int32), @__serviceId_1='?' (DbType = Int32)], CommandType='Text', CommandTimeout='30']
      SELECT n.id, n.nurse_profile_id, n.price, n.service_id, n.status, n.unit
      FROM nurse_services AS n
      WHERE n.nurse_profile_id = @__nurseProfileId_0 AND n.service_id = @__serviceId_1
      LIMIT 1
info: Microsoft.EntityFrameworkCore.Database.Command[20101]
      Executed DbCommand (42ms) [Parameters=[@__nurseProfileId_0='?' (DbType = Int32), @__serviceId_1='?' (DbType = Int32)], CommandType='Text', CommandTimeout='30']
      SELECT n.id, n.nurse_profile_id, n.price, n.service_id, n.status, n.unit
      FROM nurse_services AS n
      WHERE n.nurse_profile_id = @__nurseProfileId_0 AND n.service_id = @__serviceId_1
      LIMIT 1
info: Microsoft.EntityFrameworkCore.Database.Command[20101]
      Executed DbCommand (53ms) [Parameters=[@__nurseProfileId_0='?' (DbType = Int32), @__serviceId_1='?' (DbType = Int32)], CommandType='Text', CommandTimeout='30']
      SELECT n.id, n.nurse_profile_id, n.price, n.service_id, n.status, n.unit
      FROM nurse_services AS n
      WHERE n.nurse_profile_id = @__nurseProfileId_0 AND n.service_id = @__serviceId_1
      LIMIT 1
info: Microsoft.EntityFrameworkCore.Database.Command[20101]
      Executed DbCommand (42ms) [Parameters=[@__nurseProfileId_0='?' (DbType = Int32), @__start_1='?' (DbType = DateTime), @__end_2='?' (DbType = DateTime)], CommandType='Text', CommandTimeout='30']
      SELECT a.id, a.end_time, a.nurse_profile_id, a.start_time
      FROM availability_slots AS a
      WHERE a.nurse_profile_id = @__nurseProfileId_0 AND a.start_time = @__start_1 AND a.end_time = @__end_2
      LIMIT 1
info: Microsoft.EntityFrameworkCore.Database.Command[20101]
      Executed DbCommand (43ms) [Parameters=[@__nurseProfileId_0='?' (DbType = Int32), @__start_1='?' (DbType = DateTime), @__end_2='?' (DbType = DateTime)], CommandType='Text', CommandTimeout='30']
      SELECT a.id, a.end_time, a.nurse_profile_id, a.start_time
      FROM availability_slots AS a
      WHERE a.nurse_profile_id = @__nurseProfileId_0 AND a.start_time = @__start_1 AND a.end_time = @__end_2
      LIMIT 1
info: Microsoft.EntityFrameworkCore.Database.Command[20101]
      Executed DbCommand (41ms) [Parameters=[@__normalizedEmail_0='?'], CommandType='Text', CommandTimeout='30']
      SELECT u.id, u.access_failed_count, u.avatar, u.bank_account_name, u.bank_account_number, u.bank_bin, u.concurrency_stamp, u.created_at, u.email, u.email_confirmed, u.full_name, u.lockout_enabled, u.lockout_end, u.normalized_email, u.normalized_user_name, u.password_hash, u.phone, u.phone_confirmed, u.security_stamp, u.status, u.two_factor_enabled, u.updated_at, u.user_name
      FROM users AS u
      WHERE u.normalized_email = @__normalizedEmail_0
      LIMIT 2
info: Microsoft.EntityFrameworkCore.Database.Command[20101]
      Executed DbCommand (42ms) [Parameters=[@__userId_0='?' (DbType = Int32)], CommandType='Text', CommandTimeout='30']
      SELECT r.code
      FROM user_roles AS u
      INNER JOIN roles AS r ON u.role_id = r.id
      WHERE u.user_id = @__userId_0
info: Microsoft.EntityFrameworkCore.Database.Command[20101]
      Executed DbCommand (44ms) [Parameters=[@__userId_0='?' (DbType = Int32), @__type_1='?', @__isDefault_2='?' (DbType = Boolean)], CommandType='Text', CommandTimeout='30']
      SELECT a.id, a.district, a.full_address, a.is_default, a.latitude, a.longitude, a.type, a.user_id, a.ward
      FROM addresses AS a
      WHERE a.user_id = @__userId_0 AND a.type = @__type_1 AND a.is_default = @__isDefault_2
      LIMIT 1
info: Microsoft.EntityFrameworkCore.Database.Command[20101]
      Executed DbCommand (41ms) [Parameters=[@__userId_0='?' (DbType = Int32)], CommandType='Text', CommandTimeout='30']
      SELECT n.id, n.average_rating, n.bio, n.certificates, n.confirmed_at, n.created_at, n.is_active, n.is_verified, n.rejection_reason, n.service_radius_km, n.specialization, n.updated_at, n.user_id, n.verification_submission_status, n.years_experience
      FROM nurse_profiles AS n
      WHERE n.user_id = @__userId_0
      LIMIT 1
info: Microsoft.EntityFrameworkCore.Database.Command[20101]
      Executed DbCommand (41ms) [Parameters=[@p1='?' (DbType = Int32), @p0='?' (DbType = DateTime), @p3='?' (DbType = Int32), @p2='?' (DbType = DateTime)], CommandType='Text', CommandTimeout='30']
      UPDATE documents SET updated_at = @p0
      WHERE id = @p1;
      UPDATE documents SET updated_at = @p2
      WHERE id = @p3;
info: Microsoft.EntityFrameworkCore.Database.Command[20101]
      Executed DbCommand (42ms) [Parameters=[@__nurseProfileId_0='?' (DbType = Int32), @__normalizedType_1='?'], CommandType='Text', CommandTimeout='30']
      SELECT d.id, d.created_at, d.nurse_profile_id, d.public_id, d.status, d.type, d.updated_at
      FROM documents AS d
      WHERE d.nurse_profile_id = @__nurseProfileId_0 AND d.type = @__normalizedType_1
      LIMIT 1
info: Microsoft.EntityFrameworkCore.Database.Command[20101]
      Executed DbCommand (41ms) [Parameters=[@__nurseProfileId_0='?' (DbType = Int32), @__normalizedType_1='?'], CommandType='Text', CommandTimeout='30']
      SELECT d.id, d.created_at, d.nurse_profile_id, d.public_id, d.status, d.type, d.updated_at
      FROM documents AS d
      WHERE d.nurse_profile_id = @__nurseProfileId_0 AND d.type = @__normalizedType_1
      LIMIT 1
info: Microsoft.EntityFrameworkCore.Database.Command[20101]
      Executed DbCommand (42ms) [Parameters=[@__nurseProfileId_0='?' (DbType = Int32), @__serviceId_1='?' (DbType = Int32)], CommandType='Text', CommandTimeout='30']
      SELECT n.id, n.nurse_profile_id, n.price, n.service_id, n.status, n.unit
      FROM nurse_services AS n
      WHERE n.nurse_profile_id = @__nurseProfileId_0 AND n.service_id = @__serviceId_1
      LIMIT 1
info: Microsoft.EntityFrameworkCore.Database.Command[20101]
      Executed DbCommand (43ms) [Parameters=[@__nurseProfileId_0='?' (DbType = Int32), @__serviceId_1='?' (DbType = Int32)], CommandType='Text', CommandTimeout='30']
      SELECT n.id, n.nurse_profile_id, n.price, n.service_id, n.status, n.unit
      FROM nurse_services AS n
      WHERE n.nurse_profile_id = @__nurseProfileId_0 AND n.service_id = @__serviceId_1
      LIMIT 1
info: Microsoft.EntityFrameworkCore.Database.Command[20101]
      Executed DbCommand (46ms) [Parameters=[@__nurseProfileId_0='?' (DbType = Int32), @__serviceId_1='?' (DbType = Int32)], CommandType='Text', CommandTimeout='30']
      SELECT n.id, n.nurse_profile_id, n.price, n.service_id, n.status, n.unit
      FROM nurse_services AS n
      WHERE n.nurse_profile_id = @__nurseProfileId_0 AND n.service_id = @__serviceId_1
      LIMIT 1
info: Microsoft.EntityFrameworkCore.Database.Command[20101]
      Executed DbCommand (42ms) [Parameters=[@__nurseProfileId_0='?' (DbType = Int32), @__serviceId_1='?' (DbType = Int32)], CommandType='Text', CommandTimeout='30']
      SELECT n.id, n.nurse_profile_id, n.price, n.service_id, n.status, n.unit
      FROM nurse_services AS n
      WHERE n.nurse_profile_id = @__nurseProfileId_0 AND n.service_id = @__serviceId_1
      LIMIT 1
info: Microsoft.EntityFrameworkCore.Database.Command[20101]
      Executed DbCommand (44ms) [Parameters=[@__nurseProfileId_0='?' (DbType = Int32), @__start_1='?' (DbType = DateTime), @__end_2='?' (DbType = DateTime)], CommandType='Text', CommandTimeout='30']
      SELECT a.id, a.end_time, a.nurse_profile_id, a.start_time
      FROM availability_slots AS a
      WHERE a.nurse_profile_id = @__nurseProfileId_0 AND a.start_time = @__start_1 AND a.end_time = @__end_2
      LIMIT 1
info: Microsoft.EntityFrameworkCore.Database.Command[20101]
      Executed DbCommand (42ms) [Parameters=[@__nurseProfileId_0='?' (DbType = Int32), @__start_1='?' (DbType = DateTime), @__end_2='?' (DbType = DateTime)], CommandType='Text', CommandTimeout='30']
      SELECT a.id, a.end_time, a.nurse_profile_id, a.start_time
      FROM availability_slots AS a
      WHERE a.nurse_profile_id = @__nurseProfileId_0 AND a.start_time = @__start_1 AND a.end_time = @__end_2
      LIMIT 1
info: Microsoft.EntityFrameworkCore.Database.Command[20101]
      Executed DbCommand (43ms) [Parameters=[@__normalizedEmail_0='?'], CommandType='Text', CommandTimeout='30']
      SELECT u.id, u.access_failed_count, u.avatar, u.bank_account_name, u.bank_account_number, u.bank_bin, u.concurrency_stamp, u.created_at, u.email, u.email_confirmed, u.full_name, u.lockout_enabled, u.lockout_end, u.normalized_email, u.normalized_user_name, u.password_hash, u.phone, u.phone_confirmed, u.security_stamp, u.status, u.two_factor_enabled, u.updated_at, u.user_name
      FROM users AS u
      WHERE u.normalized_email = @__normalizedEmail_0
      LIMIT 2
info: Microsoft.EntityFrameworkCore.Database.Command[20101]
      Executed DbCommand (42ms) [Parameters=[@__userId_0='?' (DbType = Int32)], CommandType='Text', CommandTimeout='30']
      SELECT r.code
      FROM user_roles AS u
      INNER JOIN roles AS r ON u.role_id = r.id
      WHERE u.user_id = @__userId_0
info: Microsoft.EntityFrameworkCore.Database.Command[20101]
      Executed DbCommand (41ms) [Parameters=[@__userId_0='?' (DbType = Int32), @__type_1='?', @__isDefault_2='?' (DbType = Boolean)], CommandType='Text', CommandTimeout='30']
      SELECT a.id, a.district, a.full_address, a.is_default, a.latitude, a.longitude, a.type, a.user_id, a.ward
      FROM addresses AS a
      WHERE a.user_id = @__userId_0 AND a.type = @__type_1 AND a.is_default = @__isDefault_2
      LIMIT 1
info: Microsoft.EntityFrameworkCore.Database.Command[20101]
      Executed DbCommand (45ms) [Parameters=[@__userId_0='?' (DbType = Int32)], CommandType='Text', CommandTimeout='30']
      SELECT n.id, n.average_rating, n.bio, n.certificates, n.confirmed_at, n.created_at, n.is_active, n.is_verified, n.rejection_reason, n.service_radius_km, n.specialization, n.updated_at, n.user_id, n.verification_submission_status, n.years_experience
      FROM nurse_profiles AS n
      WHERE n.user_id = @__userId_0
      LIMIT 1
info: Microsoft.EntityFrameworkCore.Database.Command[20101]
      Executed DbCommand (41ms) [Parameters=[@p1='?' (DbType = Int32), @p0='?' (DbType = DateTime), @p3='?' (DbType = Int32), @p2='?' (DbType = DateTime)], CommandType='Text', CommandTimeout='30']
      UPDATE documents SET updated_at = @p0
      WHERE id = @p1;
      UPDATE documents SET updated_at = @p2
      WHERE id = @p3;
info: Microsoft.EntityFrameworkCore.Database.Command[20101]
      Executed DbCommand (42ms) [Parameters=[@__nurseProfileId_0='?' (DbType = Int32), @__normalizedType_1='?'], CommandType='Text', CommandTimeout='30']
      SELECT d.id, d.created_at, d.nurse_profile_id, d.public_id, d.status, d.type, d.updated_at
      FROM documents AS d
      WHERE d.nurse_profile_id = @__nurseProfileId_0 AND d.type = @__normalizedType_1
      LIMIT 1
info: Microsoft.EntityFrameworkCore.Database.Command[20101]
      Executed DbCommand (43ms) [Parameters=[@__nurseProfileId_0='?' (DbType = Int32), @__normalizedType_1='?'], CommandType='Text', CommandTimeout='30']
      SELECT d.id, d.created_at, d.nurse_profile_id, d.public_id, d.status, d.type, d.updated_at
      FROM documents AS d
      WHERE d.nurse_profile_id = @__nurseProfileId_0 AND d.type = @__normalizedType_1
      LIMIT 1
info: Microsoft.EntityFrameworkCore.Database.Command[20101]
      Executed DbCommand (42ms) [Parameters=[@__nurseProfileId_0='?' (DbType = Int32), @__serviceId_1='?' (DbType = Int32)], CommandType='Text', CommandTimeout='30']
      SELECT n.id, n.nurse_profile_id, n.price, n.service_id, n.status, n.unit
      FROM nurse_services AS n
      WHERE n.nurse_profile_id = @__nurseProfileId_0 AND n.service_id = @__serviceId_1
      LIMIT 1
info: Microsoft.EntityFrameworkCore.Database.Command[20101]
      Executed DbCommand (46ms) [Parameters=[@__nurseProfileId_0='?' (DbType = Int32), @__serviceId_1='?' (DbType = Int32)], CommandType='Text', CommandTimeout='30']
      SELECT n.id, n.nurse_profile_id, n.price, n.service_id, n.status, n.unit
      FROM nurse_services AS n
      WHERE n.nurse_profile_id = @__nurseProfileId_0 AND n.service_id = @__serviceId_1
      LIMIT 1
info: Microsoft.EntityFrameworkCore.Database.Command[20101]
      Executed DbCommand (42ms) [Parameters=[@__nurseProfileId_0='?' (DbType = Int32), @__serviceId_1='?' (DbType = Int32)], CommandType='Text', CommandTimeout='30']
      SELECT n.id, n.nurse_profile_id, n.price, n.service_id, n.status, n.unit
      FROM nurse_services AS n
      WHERE n.nurse_profile_id = @__nurseProfileId_0 AND n.service_id = @__serviceId_1
      LIMIT 1
info: Microsoft.EntityFrameworkCore.Database.Command[20101]
      Executed DbCommand (46ms) [Parameters=[@__nurseProfileId_0='?' (DbType = Int32), @__serviceId_1='?' (DbType = Int32)], CommandType='Text', CommandTimeout='30']
      SELECT n.id, n.nurse_profile_id, n.price, n.service_id, n.status, n.unit
      FROM nurse_services AS n
      WHERE n.nurse_profile_id = @__nurseProfileId_0 AND n.service_id = @__serviceId_1
      LIMIT 1
info: Microsoft.EntityFrameworkCore.Database.Command[20101]
      Executed DbCommand (42ms) [Parameters=[@__nurseProfileId_0='?' (DbType = Int32), @__start_1='?' (DbType = DateTime), @__end_2='?' (DbType = DateTime)], CommandType='Text', CommandTimeout='30']
      SELECT a.id, a.end_time, a.nurse_profile_id, a.start_time
      FROM availability_slots AS a
      WHERE a.nurse_profile_id = @__nurseProfileId_0 AND a.start_time = @__start_1 AND a.end_time = @__end_2
      LIMIT 1
info: Microsoft.EntityFrameworkCore.Database.Command[20101]
      Executed DbCommand (45ms) [Parameters=[@__nurseProfileId_0='?' (DbType = Int32), @__start_1='?' (DbType = DateTime), @__end_2='?' (DbType = DateTime)], CommandType='Text', CommandTimeout='30']
      SELECT a.id, a.end_time, a.nurse_profile_id, a.start_time
      FROM availability_slots AS a
      WHERE a.nurse_profile_id = @__nurseProfileId_0 AND a.start_time = @__start_1 AND a.end_time = @__end_2
      LIMIT 1
info: Microsoft.EntityFrameworkCore.Database.Command[20101]
      Executed DbCommand (45ms) [Parameters=[@__normalizedEmail_0='?'], CommandType='Text', CommandTimeout='30']
      SELECT u.id, u.access_failed_count, u.avatar, u.bank_account_name, u.bank_account_number, u.bank_bin, u.concurrency_stamp, u.created_at, u.email, u.email_confirmed, u.full_name, u.lockout_enabled, u.lockout_end, u.normalized_email, u.normalized_user_name, u.password_hash, u.phone, u.phone_confirmed, u.security_stamp, u.status, u.two_factor_enabled, u.updated_at, u.user_name
      FROM users AS u
      WHERE u.normalized_email = @__normalizedEmail_0
      LIMIT 2
info: Microsoft.EntityFrameworkCore.Database.Command[20101]
      Executed DbCommand (44ms) [Parameters=[@__userId_0='?' (DbType = Int32)], CommandType='Text', CommandTimeout='30']
      SELECT r.code
      FROM user_roles AS u
      INNER JOIN roles AS r ON u.role_id = r.id
      WHERE u.user_id = @__userId_0
info: Microsoft.EntityFrameworkCore.Database.Command[20101]
      Executed DbCommand (47ms) [Parameters=[@__userId_0='?' (DbType = Int32), @__type_1='?', @__isDefault_2='?' (DbType = Boolean)], CommandType='Text', CommandTimeout='30']
      SELECT a.id, a.district, a.full_address, a.is_default, a.latitude, a.longitude, a.type, a.user_id, a.ward
      FROM addresses AS a
      WHERE a.user_id = @__userId_0 AND a.type = @__type_1 AND a.is_default = @__isDefault_2
      LIMIT 1
info: Microsoft.EntityFrameworkCore.Database.Command[20101]
      Executed DbCommand (44ms) [Parameters=[@__userId_0='?' (DbType = Int32)], CommandType='Text', CommandTimeout='30']
      SELECT n.id, n.average_rating, n.bio, n.certificates, n.confirmed_at, n.created_at, n.is_active, n.is_verified, n.rejection_reason, n.service_radius_km, n.specialization, n.updated_at, n.user_id, n.verification_submission_status, n.years_experience
      FROM nurse_profiles AS n
      WHERE n.user_id = @__userId_0
      LIMIT 1
info: Microsoft.EntityFrameworkCore.Database.Command[20101]
      Executed DbCommand (42ms) [Parameters=[@p1='?' (DbType = Int32), @p0='?' (DbType = DateTime), @p3='?' (DbType = Int32), @p2='?' (DbType = DateTime)], CommandType='Text', CommandTimeout='30']
      UPDATE documents SET updated_at = @p0
      WHERE id = @p1;
      UPDATE documents SET updated_at = @p2
      WHERE id = @p3;
info: Microsoft.EntityFrameworkCore.Database.Command[20101]
      Executed DbCommand (44ms) [Parameters=[@__nurseProfileId_0='?' (DbType = Int32), @__normalizedType_1='?'], CommandType='Text', CommandTimeout='30']
      SELECT d.id, d.created_at, d.nurse_profile_id, d.public_id, d.status, d.type, d.updated_at
      FROM documents AS d
      WHERE d.nurse_profile_id = @__nurseProfileId_0 AND d.type = @__normalizedType_1
      LIMIT 1
info: Microsoft.EntityFrameworkCore.Database.Command[20101]
      Executed DbCommand (42ms) [Parameters=[@__nurseProfileId_0='?' (DbType = Int32), @__normalizedType_1='?'], CommandType='Text', CommandTimeout='30']
      SELECT d.id, d.created_at, d.nurse_profile_id, d.public_id, d.status, d.type, d.updated_at
      FROM documents AS d
      WHERE d.nurse_profile_id = @__nurseProfileId_0 AND d.type = @__normalizedType_1
      LIMIT 1
info: Microsoft.EntityFrameworkCore.Database.Command[20101]
      Executed DbCommand (44ms) [Parameters=[@__nurseProfileId_0='?' (DbType = Int32), @__serviceId_1='?' (DbType = Int32)], CommandType='Text', CommandTimeout='30']
      SELECT n.id, n.nurse_profile_id, n.price, n.service_id, n.status, n.unit
      FROM nurse_services AS n
      WHERE n.nurse_profile_id = @__nurseProfileId_0 AND n.service_id = @__serviceId_1
      LIMIT 1
info: Microsoft.EntityFrameworkCore.Database.Command[20101]
      Executed DbCommand (42ms) [Parameters=[@__nurseProfileId_0='?' (DbType = Int32), @__serviceId_1='?' (DbType = Int32)], CommandType='Text', CommandTimeout='30']
      SELECT n.id, n.nurse_profile_id, n.price, n.service_id, n.status, n.unit
      FROM nurse_services AS n
      WHERE n.nurse_profile_id = @__nurseProfileId_0 AND n.service_id = @__serviceId_1
      LIMIT 1
info: Microsoft.EntityFrameworkCore.Database.Command[20101]
      Executed DbCommand (46ms) [Parameters=[@__nurseProfileId_0='?' (DbType = Int32), @__serviceId_1='?' (DbType = Int32)], CommandType='Text', CommandTimeout='30']
      SELECT n.id, n.nurse_profile_id, n.price, n.service_id, n.status, n.unit
      FROM nurse_services AS n
      WHERE n.nurse_profile_id = @__nurseProfileId_0 AND n.service_id = @__serviceId_1
      LIMIT 1
info: Microsoft.EntityFrameworkCore.Database.Command[20101]
      Executed DbCommand (43ms) [Parameters=[@__nurseProfileId_0='?' (DbType = Int32), @__serviceId_1='?' (DbType = Int32)], CommandType='Text', CommandTimeout='30']
      SELECT n.id, n.nurse_profile_id, n.price, n.service_id, n.status, n.unit
      FROM nurse_services AS n
      WHERE n.nurse_profile_id = @__nurseProfileId_0 AND n.service_id = @__serviceId_1
      LIMIT 1
info: Microsoft.EntityFrameworkCore.Database.Command[20101]
      Executed DbCommand (45ms) [Parameters=[@__nurseProfileId_0='?' (DbType = Int32), @__start_1='?' (DbType = DateTime), @__end_2='?' (DbType = DateTime)], CommandType='Text', CommandTimeout='30']
      SELECT a.id, a.end_time, a.nurse_profile_id, a.start_time
      FROM availability_slots AS a
      WHERE a.nurse_profile_id = @__nurseProfileId_0 AND a.start_time = @__start_1 AND a.end_time = @__end_2
      LIMIT 1
info: Microsoft.EntityFrameworkCore.Database.Command[20101]
      Executed DbCommand (45ms) [Parameters=[@__nurseProfileId_0='?' (DbType = Int32), @__start_1='?' (DbType = DateTime), @__end_2='?' (DbType = DateTime)], CommandType='Text', CommandTimeout='30']
      SELECT a.id, a.end_time, a.nurse_profile_id, a.start_time
      FROM availability_slots AS a
      WHERE a.nurse_profile_id = @__nurseProfileId_0 AND a.start_time = @__start_1 AND a.end_time = @__end_2
      LIMIT 1
info: Microsoft.EntityFrameworkCore.Database.Command[20101]
      Executed DbCommand (44ms) [Parameters=[@__normalizedEmail_0='?'], CommandType='Text', CommandTimeout='30']
      SELECT u.id, u.access_failed_count, u.avatar, u.bank_account_name, u.bank_account_number, u.bank_bin, u.concurrency_stamp, u.created_at, u.email, u.email_confirmed, u.full_name, u.lockout_enabled, u.lockout_end, u.normalized_email, u.normalized_user_name, u.password_hash, u.phone, u.phone_confirmed, u.security_stamp, u.status, u.two_factor_enabled, u.updated_at, u.user_name
      FROM users AS u
      WHERE u.normalized_email = @__normalizedEmail_0
      LIMIT 2
info: Microsoft.EntityFrameworkCore.Database.Command[20101]
      Executed DbCommand (45ms) [Parameters=[@__userId_0='?' (DbType = Int32)], CommandType='Text', CommandTimeout='30']
      SELECT r.code
      FROM user_roles AS u
      INNER JOIN roles AS r ON u.role_id = r.id
      WHERE u.user_id = @__userId_0
info: Microsoft.EntityFrameworkCore.Database.Command[20101]
      Executed DbCommand (47ms) [Parameters=[@__userId_0='?' (DbType = Int32), @__type_1='?', @__isDefault_2='?' (DbType = Boolean)], CommandType='Text', CommandTimeout='30']
      SELECT a.id, a.district, a.full_address, a.is_default, a.latitude, a.longitude, a.type, a.user_id, a.ward
      FROM addresses AS a
      WHERE a.user_id = @__userId_0 AND a.type = @__type_1 AND a.is_default = @__isDefault_2
      LIMIT 1
info: Microsoft.EntityFrameworkCore.Database.Command[20101]
      Executed DbCommand (46ms) [Parameters=[@__userId_0='?' (DbType = Int32)], CommandType='Text', CommandTimeout='30']
      SELECT n.id, n.average_rating, n.bio, n.certificates, n.confirmed_at, n.created_at, n.is_active, n.is_verified, n.rejection_reason, n.service_radius_km, n.specialization, n.updated_at, n.user_id, n.verification_submission_status, n.years_experience
      FROM nurse_profiles AS n
      WHERE n.user_id = @__userId_0
      LIMIT 1
info: Microsoft.EntityFrameworkCore.Database.Command[20101]
      Executed DbCommand (43ms) [Parameters=[@p1='?' (DbType = Int32), @p0='?' (DbType = DateTime), @p3='?' (DbType = Int32), @p2='?' (DbType = DateTime)], CommandType='Text', CommandTimeout='30']
      UPDATE documents SET updated_at = @p0
      WHERE id = @p1;
      UPDATE documents SET updated_at = @p2
      WHERE id = @p3;
info: Microsoft.EntityFrameworkCore.Database.Command[20101]
      Executed DbCommand (42ms) [Parameters=[@__nurseProfileId_0='?' (DbType = Int32), @__normalizedType_1='?'], CommandType='Text', CommandTimeout='30']
      SELECT d.id, d.created_at, d.nurse_profile_id, d.public_id, d.status, d.type, d.updated_at
      FROM documents AS d
      WHERE d.nurse_profile_id = @__nurseProfileId_0 AND d.type = @__normalizedType_1
      LIMIT 1
info: Microsoft.EntityFrameworkCore.Database.Command[20101]
      Executed DbCommand (42ms) [Parameters=[@__nurseProfileId_0='?' (DbType = Int32), @__normalizedType_1='?'], CommandType='Text', CommandTimeout='30']
      SELECT d.id, d.created_at, d.nurse_profile_id, d.public_id, d.status, d.type, d.updated_at
      FROM documents AS d
      WHERE d.nurse_profile_id = @__nurseProfileId_0 AND d.type = @__normalizedType_1
      LIMIT 1
info: Microsoft.EntityFrameworkCore.Database.Command[20101]
      Executed DbCommand (41ms) [Parameters=[@__nurseProfileId_0='?' (DbType = Int32), @__serviceId_1='?' (DbType = Int32)], CommandType='Text', CommandTimeout='30']
      SELECT n.id, n.nurse_profile_id, n.price, n.service_id, n.status, n.unit
      FROM nurse_services AS n
      WHERE n.nurse_profile_id = @__nurseProfileId_0 AND n.service_id = @__serviceId_1
      LIMIT 1
info: Microsoft.EntityFrameworkCore.Database.Command[20101]
      Executed DbCommand (41ms) [Parameters=[@__nurseProfileId_0='?' (DbType = Int32), @__serviceId_1='?' (DbType = Int32)], CommandType='Text', CommandTimeout='30']
      SELECT n.id, n.nurse_profile_id, n.price, n.service_id, n.status, n.unit
      FROM nurse_services AS n
      WHERE n.nurse_profile_id = @__nurseProfileId_0 AND n.service_id = @__serviceId_1
      LIMIT 1
info: Microsoft.EntityFrameworkCore.Database.Command[20101]
      Executed DbCommand (42ms) [Parameters=[@__nurseProfileId_0='?' (DbType = Int32), @__serviceId_1='?' (DbType = Int32)], CommandType='Text', CommandTimeout='30']
      SELECT n.id, n.nurse_profile_id, n.price, n.service_id, n.status, n.unit
      FROM nurse_services AS n
      WHERE n.nurse_profile_id = @__nurseProfileId_0 AND n.service_id = @__serviceId_1
      LIMIT 1
info: Microsoft.EntityFrameworkCore.Database.Command[20101]
      Executed DbCommand (43ms) [Parameters=[@__nurseProfileId_0='?' (DbType = Int32), @__serviceId_1='?' (DbType = Int32)], CommandType='Text', CommandTimeout='30']
      SELECT n.id, n.nurse_profile_id, n.price, n.service_id, n.status, n.unit
      FROM nurse_services AS n
      WHERE n.nurse_profile_id = @__nurseProfileId_0 AND n.service_id = @__serviceId_1
      LIMIT 1
info: Microsoft.EntityFrameworkCore.Database.Command[20101]
      Executed DbCommand (42ms) [Parameters=[@__nurseProfileId_0='?' (DbType = Int32), @__start_1='?' (DbType = DateTime), @__end_2='?' (DbType = DateTime)], CommandType='Text', CommandTimeout='30']
      SELECT a.id, a.end_time, a.nurse_profile_id, a.start_time
      FROM availability_slots AS a
      WHERE a.nurse_profile_id = @__nurseProfileId_0 AND a.start_time = @__start_1 AND a.end_time = @__end_2
      LIMIT 1
info: Microsoft.EntityFrameworkCore.Database.Command[20101]
      Executed DbCommand (42ms) [Parameters=[@__nurseProfileId_0='?' (DbType = Int32), @__start_1='?' (DbType = DateTime), @__end_2='?' (DbType = DateTime)], CommandType='Text', CommandTimeout='30']
      SELECT a.id, a.end_time, a.nurse_profile_id, a.start_time
      FROM availability_slots AS a
      WHERE a.nurse_profile_id = @__nurseProfileId_0 AND a.start_time = @__start_1 AND a.end_time = @__end_2
      LIMIT 1
info: Microsoft.EntityFrameworkCore.Database.Command[20101]
      Executed DbCommand (43ms) [Parameters=[@__normalizedEmail_0='?'], CommandType='Text', CommandTimeout='30']
      SELECT u.id, u.access_failed_count, u.avatar, u.bank_account_name, u.bank_account_number, u.bank_bin, u.concurrency_stamp, u.created_at, u.email, u.email_confirmed, u.full_name, u.lockout_enabled, u.lockout_end, u.normalized_email, u.normalized_user_name, u.password_hash, u.phone, u.phone_confirmed, u.security_stamp, u.status, u.two_factor_enabled, u.updated_at, u.user_name
      FROM users AS u
      WHERE u.normalized_email = @__normalizedEmail_0
      LIMIT 2
info: Microsoft.EntityFrameworkCore.Database.Command[20101]
      Executed DbCommand (48ms) [Parameters=[@__userId_0='?' (DbType = Int32)], CommandType='Text', CommandTimeout='30']
      SELECT r.code
      FROM user_roles AS u
      INNER JOIN roles AS r ON u.role_id = r.id
      WHERE u.user_id = @__userId_0
info: Microsoft.EntityFrameworkCore.Database.Command[20101]
      Executed DbCommand (42ms) [Parameters=[@__userId_0='?' (DbType = Int32), @__type_1='?', @__isDefault_2='?' (DbType = Boolean)], CommandType='Text', CommandTimeout='30']
      SELECT a.id, a.district, a.full_address, a.is_default, a.latitude, a.longitude, a.type, a.user_id, a.ward
      FROM addresses AS a
      WHERE a.user_id = @__userId_0 AND a.type = @__type_1 AND a.is_default = @__isDefault_2
      LIMIT 1
info: Microsoft.EntityFrameworkCore.Database.Command[20101]
      Executed DbCommand (42ms) [Parameters=[@__userId_0='?' (DbType = Int32)], CommandType='Text', CommandTimeout='30']
      SELECT n.id, n.average_rating, n.bio, n.certificates, n.confirmed_at, n.created_at, n.is_active, n.is_verified, n.rejection_reason, n.service_radius_km, n.specialization, n.updated_at, n.user_id, n.verification_submission_status, n.years_experience
      FROM nurse_profiles AS n
      WHERE n.user_id = @__userId_0
      LIMIT 1
info: Microsoft.EntityFrameworkCore.Database.Command[20101]
      Executed DbCommand (42ms) [Parameters=[@p1='?' (DbType = Int32), @p0='?' (DbType = DateTime), @p3='?' (DbType = Int32), @p2='?' (DbType = DateTime)], CommandType='Text', CommandTimeout='30']
      UPDATE documents SET updated_at = @p0
      WHERE id = @p1;
      UPDATE documents SET updated_at = @p2
      WHERE id = @p3;
info: Microsoft.EntityFrameworkCore.Database.Command[20101]
      Executed DbCommand (42ms) [Parameters=[@__nurseProfileId_0='?' (DbType = Int32), @__normalizedType_1='?'], CommandType='Text', CommandTimeout='30']
      SELECT d.id, d.created_at, d.nurse_profile_id, d.public_id, d.status, d.type, d.updated_at
      FROM documents AS d
      WHERE d.nurse_profile_id = @__nurseProfileId_0 AND d.type = @__normalizedType_1
      LIMIT 1
info: Microsoft.EntityFrameworkCore.Database.Command[20101]
      Executed DbCommand (41ms) [Parameters=[@__nurseProfileId_0='?' (DbType = Int32), @__normalizedType_1='?'], CommandType='Text', CommandTimeout='30']
      SELECT d.id, d.created_at, d.nurse_profile_id, d.public_id, d.status, d.type, d.updated_at
      FROM documents AS d
      WHERE d.nurse_profile_id = @__nurseProfileId_0 AND d.type = @__normalizedType_1
      LIMIT 1
info: Microsoft.EntityFrameworkCore.Database.Command[20101]
      Executed DbCommand (40ms) [Parameters=[@__nurseProfileId_0='?' (DbType = Int32), @__serviceId_1='?' (DbType = Int32)], CommandType='Text', CommandTimeout='30']
      SELECT n.id, n.nurse_profile_id, n.price, n.service_id, n.status, n.unit
      FROM nurse_services AS n
      WHERE n.nurse_profile_id = @__nurseProfileId_0 AND n.service_id = @__serviceId_1
      LIMIT 1
info: Microsoft.EntityFrameworkCore.Database.Command[20101]
      Executed DbCommand (42ms) [Parameters=[@__nurseProfileId_0='?' (DbType = Int32), @__serviceId_1='?' (DbType = Int32)], CommandType='Text', CommandTimeout='30']
      SELECT n.id, n.nurse_profile_id, n.price, n.service_id, n.status, n.unit
      FROM nurse_services AS n
      WHERE n.nurse_profile_id = @__nurseProfileId_0 AND n.service_id = @__serviceId_1
      LIMIT 1
info: Microsoft.EntityFrameworkCore.Database.Command[20101]
      Executed DbCommand (42ms) [Parameters=[@__nurseProfileId_0='?' (DbType = Int32), @__serviceId_1='?' (DbType = Int32)], CommandType='Text', CommandTimeout='30']
      SELECT n.id, n.nurse_profile_id, n.price, n.service_id, n.status, n.unit
      FROM nurse_services AS n
      WHERE n.nurse_profile_id = @__nurseProfileId_0 AND n.service_id = @__serviceId_1
      LIMIT 1
info: Microsoft.EntityFrameworkCore.Database.Command[20101]
      Executed DbCommand (40ms) [Parameters=[@__nurseProfileId_0='?' (DbType = Int32), @__serviceId_1='?' (DbType = Int32)], CommandType='Text', CommandTimeout='30']
      SELECT n.id, n.nurse_profile_id, n.price, n.service_id, n.status, n.unit
      FROM nurse_services AS n
      WHERE n.nurse_profile_id = @__nurseProfileId_0 AND n.service_id = @__serviceId_1
      LIMIT 1
info: Microsoft.EntityFrameworkCore.Database.Command[20101]
      Executed DbCommand (41ms) [Parameters=[@__nurseProfileId_0='?' (DbType = Int32), @__start_1='?' (DbType = DateTime), @__end_2='?' (DbType = DateTime)], CommandType='Text', CommandTimeout='30']
      SELECT a.id, a.end_time, a.nurse_profile_id, a.start_time
      FROM availability_slots AS a
      WHERE a.nurse_profile_id = @__nurseProfileId_0 AND a.start_time = @__start_1 AND a.end_time = @__end_2
      LIMIT 1
info: Microsoft.EntityFrameworkCore.Database.Command[20101]
      Executed DbCommand (42ms) [Parameters=[@__nurseProfileId_0='?' (DbType = Int32), @__start_1='?' (DbType = DateTime), @__end_2='?' (DbType = DateTime)], CommandType='Text', CommandTimeout='30']
      SELECT a.id, a.end_time, a.nurse_profile_id, a.start_time
      FROM availability_slots AS a
      WHERE a.nurse_profile_id = @__nurseProfileId_0 AND a.start_time = @__start_1 AND a.end_time = @__end_2
      LIMIT 1
info: Microsoft.EntityFrameworkCore.Database.Command[20101]
      Executed DbCommand (45ms) [Parameters=[@__normalizedEmail_0='?'], CommandType='Text', CommandTimeout='30']
      SELECT u.id, u.access_failed_count, u.avatar, u.bank_account_name, u.bank_account_number, u.bank_bin, u.concurrency_stamp, u.created_at, u.email, u.email_confirmed, u.full_name, u.lockout_enabled, u.lockout_end, u.normalized_email, u.normalized_user_name, u.password_hash, u.phone, u.phone_confirmed, u.security_stamp, u.status, u.two_factor_enabled, u.updated_at, u.user_name
      FROM users AS u
      WHERE u.normalized_email = @__normalizedEmail_0
      LIMIT 2
info: Microsoft.EntityFrameworkCore.Database.Command[20101]
      Executed DbCommand (42ms) [Parameters=[@__userId_0='?' (DbType = Int32)], CommandType='Text', CommandTimeout='30']
      SELECT r.code
      FROM user_roles AS u
      INNER JOIN roles AS r ON u.role_id = r.id
      WHERE u.user_id = @__userId_0
info: Microsoft.EntityFrameworkCore.Database.Command[20101]
      Executed DbCommand (43ms) [Parameters=[@__userId_0='?' (DbType = Int32), @__type_1='?', @__isDefault_2='?' (DbType = Boolean)], CommandType='Text', CommandTimeout='30']
      SELECT a.id, a.district, a.full_address, a.is_default, a.latitude, a.longitude, a.type, a.user_id, a.ward
      FROM addresses AS a
      WHERE a.user_id = @__userId_0 AND a.type = @__type_1 AND a.is_default = @__isDefault_2
      LIMIT 1
info: Microsoft.EntityFrameworkCore.Database.Command[20101]
      Executed DbCommand (42ms) [Parameters=[@__userId_0='?' (DbType = Int32)], CommandType='Text', CommandTimeout='30']
      SELECT n.id, n.average_rating, n.bio, n.certificates, n.confirmed_at, n.created_at, n.is_active, n.is_verified, n.rejection_reason, n.service_radius_km, n.specialization, n.updated_at, n.user_id, n.verification_submission_status, n.years_experience
      FROM nurse_profiles AS n
      WHERE n.user_id = @__userId_0
      LIMIT 1
info: Microsoft.EntityFrameworkCore.Database.Command[20101]
      Executed DbCommand (45ms) [Parameters=[@p1='?' (DbType = Int32), @p0='?' (DbType = DateTime), @p3='?' (DbType = Int32), @p2='?' (DbType = DateTime)], CommandType='Text', CommandTimeout='30']
      UPDATE documents SET updated_at = @p0
      WHERE id = @p1;
      UPDATE documents SET updated_at = @p2
      WHERE id = @p3;
info: Microsoft.EntityFrameworkCore.Database.Command[20101]
      Executed DbCommand (42ms) [Parameters=[@__nurseProfileId_0='?' (DbType = Int32), @__normalizedType_1='?'], CommandType='Text', CommandTimeout='30']
      SELECT d.id, d.created_at, d.nurse_profile_id, d.public_id, d.status, d.type, d.updated_at
      FROM documents AS d
      WHERE d.nurse_profile_id = @__nurseProfileId_0 AND d.type = @__normalizedType_1
      LIMIT 1
info: Microsoft.EntityFrameworkCore.Database.Command[20101]
      Executed DbCommand (42ms) [Parameters=[@__nurseProfileId_0='?' (DbType = Int32), @__normalizedType_1='?'], CommandType='Text', CommandTimeout='30']
      SELECT d.id, d.created_at, d.nurse_profile_id, d.public_id, d.status, d.type, d.updated_at
      FROM documents AS d
      WHERE d.nurse_profile_id = @__nurseProfileId_0 AND d.type = @__normalizedType_1
      LIMIT 1
info: Microsoft.EntityFrameworkCore.Database.Command[20101]
      Executed DbCommand (43ms) [Parameters=[@__nurseProfileId_0='?' (DbType = Int32), @__serviceId_1='?' (DbType = Int32)], CommandType='Text', CommandTimeout='30']
      SELECT n.id, n.nurse_profile_id, n.price, n.service_id, n.status, n.unit
      FROM nurse_services AS n
      WHERE n.nurse_profile_id = @__nurseProfileId_0 AND n.service_id = @__serviceId_1
      LIMIT 1
info: Microsoft.EntityFrameworkCore.Database.Command[20101]
      Executed DbCommand (44ms) [Parameters=[@__nurseProfileId_0='?' (DbType = Int32), @__serviceId_1='?' (DbType = Int32)], CommandType='Text', CommandTimeout='30']
      SELECT n.id, n.nurse_profile_id, n.price, n.service_id, n.status, n.unit
      FROM nurse_services AS n
      WHERE n.nurse_profile_id = @__nurseProfileId_0 AND n.service_id = @__serviceId_1
      LIMIT 1
info: Microsoft.EntityFrameworkCore.Database.Command[20101]
      Executed DbCommand (42ms) [Parameters=[@__nurseProfileId_0='?' (DbType = Int32), @__serviceId_1='?' (DbType = Int32)], CommandType='Text', CommandTimeout='30']
      SELECT n.id, n.nurse_profile_id, n.price, n.service_id, n.status, n.unit
      FROM nurse_services AS n
      WHERE n.nurse_profile_id = @__nurseProfileId_0 AND n.service_id = @__serviceId_1
      LIMIT 1
info: Microsoft.EntityFrameworkCore.Database.Command[20101]
      Executed DbCommand (42ms) [Parameters=[@__nurseProfileId_0='?' (DbType = Int32), @__serviceId_1='?' (DbType = Int32)], CommandType='Text', CommandTimeout='30']
      SELECT n.id, n.nurse_profile_id, n.price, n.service_id, n.status, n.unit
      FROM nurse_services AS n
      WHERE n.nurse_profile_id = @__nurseProfileId_0 AND n.service_id = @__serviceId_1
      LIMIT 1
info: Microsoft.EntityFrameworkCore.Database.Command[20101]
      Executed DbCommand (44ms) [Parameters=[@__nurseProfileId_0='?' (DbType = Int32), @__start_1='?' (DbType = DateTime), @__end_2='?' (DbType = DateTime)], CommandType='Text', CommandTimeout='30']
      SELECT a.id, a.end_time, a.nurse_profile_id, a.start_time
      FROM availability_slots AS a
      WHERE a.nurse_profile_id = @__nurseProfileId_0 AND a.start_time = @__start_1 AND a.end_time = @__end_2
      LIMIT 1
info: Microsoft.EntityFrameworkCore.Database.Command[20101]
      Executed DbCommand (43ms) [Parameters=[@__nurseProfileId_0='?' (DbType = Int32), @__start_1='?' (DbType = DateTime), @__end_2='?' (DbType = DateTime)], CommandType='Text', CommandTimeout='30']
      SELECT a.id, a.end_time, a.nurse_profile_id, a.start_time
      FROM availability_slots AS a
      WHERE a.nurse_profile_id = @__nurseProfileId_0 AND a.start_time = @__start_1 AND a.end_time = @__end_2
      LIMIT 1
info: Microsoft.EntityFrameworkCore.Database.Command[20101]
      Executed DbCommand (44ms) [Parameters=[@__normalizedEmail_0='?'], CommandType='Text', CommandTimeout='30']
      SELECT u.id, u.access_failed_count, u.avatar, u.bank_account_name, u.bank_account_number, u.bank_bin, u.concurrency_stamp, u.created_at, u.email, u.email_confirmed, u.full_name, u.lockout_enabled, u.lockout_end, u.normalized_email, u.normalized_user_name, u.password_hash, u.phone, u.phone_confirmed, u.security_stamp, u.status, u.two_factor_enabled, u.updated_at, u.user_name
      FROM users AS u
      WHERE u.normalized_email = @__normalizedEmail_0
      LIMIT 2
info: Microsoft.EntityFrameworkCore.Database.Command[20101]
      Executed DbCommand (43ms) [Parameters=[@__userId_0='?' (DbType = Int32)], CommandType='Text', CommandTimeout='30']
      SELECT r.code
      FROM user_roles AS u
      INNER JOIN roles AS r ON u.role_id = r.id
      WHERE u.user_id = @__userId_0
info: Microsoft.EntityFrameworkCore.Database.Command[20101]
      Executed DbCommand (43ms) [Parameters=[@__userId_0='?' (DbType = Int32), @__type_1='?', @__isDefault_2='?' (DbType = Boolean)], CommandType='Text', CommandTimeout='30']
      SELECT a.id, a.district, a.full_address, a.is_default, a.latitude, a.longitude, a.type, a.user_id, a.ward
      FROM addresses AS a
      WHERE a.user_id = @__userId_0 AND a.type = @__type_1 AND a.is_default = @__isDefault_2
      LIMIT 1
info: Microsoft.EntityFrameworkCore.Database.Command[20101]
      Executed DbCommand (43ms) [Parameters=[@__userId_0='?' (DbType = Int32)], CommandType='Text', CommandTimeout='30']
      SELECT n.id, n.average_rating, n.bio, n.certificates, n.confirmed_at, n.created_at, n.is_active, n.is_verified, n.rejection_reason, n.service_radius_km, n.specialization, n.updated_at, n.user_id, n.verification_submission_status, n.years_experience
      FROM nurse_profiles AS n
      WHERE n.user_id = @__userId_0
      LIMIT 1
info: Microsoft.EntityFrameworkCore.Database.Command[20101]
      Executed DbCommand (43ms) [Parameters=[@p1='?' (DbType = Int32), @p0='?' (DbType = DateTime), @p3='?' (DbType = Int32), @p2='?' (DbType = DateTime)], CommandType='Text', CommandTimeout='30']
      UPDATE documents SET updated_at = @p0
      WHERE id = @p1;
      UPDATE documents SET updated_at = @p2
      WHERE id = @p3;
info: Microsoft.EntityFrameworkCore.Database.Command[20101]
      Executed DbCommand (41ms) [Parameters=[@__nurseProfileId_0='?' (DbType = Int32), @__normalizedType_1='?'], CommandType='Text', CommandTimeout='30']
      SELECT d.id, d.created_at, d.nurse_profile_id, d.public_id, d.status, d.type, d.updated_at
      FROM documents AS d
      WHERE d.nurse_profile_id = @__nurseProfileId_0 AND d.type = @__normalizedType_1
      LIMIT 1
info: Microsoft.EntityFrameworkCore.Database.Command[20101]
      Executed DbCommand (44ms) [Parameters=[@__nurseProfileId_0='?' (DbType = Int32), @__normalizedType_1='?'], CommandType='Text', CommandTimeout='30']
      SELECT d.id, d.created_at, d.nurse_profile_id, d.public_id, d.status, d.type, d.updated_at
      FROM documents AS d
      WHERE d.nurse_profile_id = @__nurseProfileId_0 AND d.type = @__normalizedType_1
      LIMIT 1
info: Microsoft.EntityFrameworkCore.Database.Command[20101]
      Executed DbCommand (43ms) [Parameters=[@__nurseProfileId_0='?' (DbType = Int32), @__serviceId_1='?' (DbType = Int32)], CommandType='Text', CommandTimeout='30']
      SELECT n.id, n.nurse_profile_id, n.price, n.service_id, n.status, n.unit
      FROM nurse_services AS n
      WHERE n.nurse_profile_id = @__nurseProfileId_0 AND n.service_id = @__serviceId_1
      LIMIT 1
info: Microsoft.EntityFrameworkCore.Database.Command[20101]
      Executed DbCommand (43ms) [Parameters=[@__nurseProfileId_0='?' (DbType = Int32), @__serviceId_1='?' (DbType = Int32)], CommandType='Text', CommandTimeout='30']
      SELECT n.id, n.nurse_profile_id, n.price, n.service_id, n.status, n.unit
      FROM nurse_services AS n
      WHERE n.nurse_profile_id = @__nurseProfileId_0 AND n.service_id = @__serviceId_1
      LIMIT 1
info: Microsoft.EntityFrameworkCore.Database.Command[20101]
      Executed DbCommand (45ms) [Parameters=[@__nurseProfileId_0='?' (DbType = Int32), @__serviceId_1='?' (DbType = Int32)], CommandType='Text', CommandTimeout='30']
      SELECT n.id, n.nurse_profile_id, n.price, n.service_id, n.status, n.unit
      FROM nurse_services AS n
      WHERE n.nurse_profile_id = @__nurseProfileId_0 AND n.service_id = @__serviceId_1
      LIMIT 1
info: Microsoft.EntityFrameworkCore.Database.Command[20101]
      Executed DbCommand (44ms) [Parameters=[@__nurseProfileId_0='?' (DbType = Int32), @__serviceId_1='?' (DbType = Int32)], CommandType='Text', CommandTimeout='30']
      SELECT n.id, n.nurse_profile_id, n.price, n.service_id, n.status, n.unit
      FROM nurse_services AS n
      WHERE n.nurse_profile_id = @__nurseProfileId_0 AND n.service_id = @__serviceId_1
      LIMIT 1
info: Microsoft.EntityFrameworkCore.Database.Command[20101]
      Executed DbCommand (46ms) [Parameters=[@__nurseProfileId_0='?' (DbType = Int32), @__start_1='?' (DbType = DateTime), @__end_2='?' (DbType = DateTime)], CommandType='Text', CommandTimeout='30']
      SELECT a.id, a.end_time, a.nurse_profile_id, a.start_time
      FROM availability_slots AS a
      WHERE a.nurse_profile_id = @__nurseProfileId_0 AND a.start_time = @__start_1 AND a.end_time = @__end_2
      LIMIT 1
info: Microsoft.EntityFrameworkCore.Database.Command[20101]
      Executed DbCommand (44ms) [Parameters=[@__nurseProfileId_0='?' (DbType = Int32), @__start_1='?' (DbType = DateTime), @__end_2='?' (DbType = DateTime)], CommandType='Text', CommandTimeout='30']
      SELECT a.id, a.end_time, a.nurse_profile_id, a.start_time
      FROM availability_slots AS a
      WHERE a.nurse_profile_id = @__nurseProfileId_0 AND a.start_time = @__start_1 AND a.end_time = @__end_2
      LIMIT 1
info: Microsoft.EntityFrameworkCore.Database.Command[20101]
      Executed DbCommand (44ms) [Parameters=[@__normalizedEmail_0='?'], CommandType='Text', CommandTimeout='30']
      SELECT u.id, u.access_failed_count, u.avatar, u.bank_account_name, u.bank_account_number, u.bank_bin, u.concurrency_stamp, u.created_at, u.email, u.email_confirmed, u.full_name, u.lockout_enabled, u.lockout_end, u.normalized_email, u.normalized_user_name, u.password_hash, u.phone, u.phone_confirmed, u.security_stamp, u.status, u.two_factor_enabled, u.updated_at, u.user_name
      FROM users AS u
      WHERE u.normalized_email = @__normalizedEmail_0
      LIMIT 2
info: Microsoft.EntityFrameworkCore.Database.Command[20101]
      Executed DbCommand (43ms) [Parameters=[@__userId_0='?' (DbType = Int32)], CommandType='Text', CommandTimeout='30']
      SELECT r.code
      FROM user_roles AS u
      INNER JOIN roles AS r ON u.role_id = r.id
      WHERE u.user_id = @__userId_0
info: Microsoft.EntityFrameworkCore.Database.Command[20101]
      Executed DbCommand (45ms) [Parameters=[@__userId_0='?' (DbType = Int32), @__type_1='?', @__isDefault_2='?' (DbType = Boolean)], CommandType='Text', CommandTimeout='30']
      SELECT a.id, a.district, a.full_address, a.is_default, a.latitude, a.longitude, a.type, a.user_id, a.ward
      FROM addresses AS a
      WHERE a.user_id = @__userId_0 AND a.type = @__type_1 AND a.is_default = @__isDefault_2
      LIMIT 1
info: Microsoft.EntityFrameworkCore.Database.Command[20101]
      Executed DbCommand (42ms) [Parameters=[@__userId_0='?' (DbType = Int32)], CommandType='Text', CommandTimeout='30']
      SELECT n.id, n.average_rating, n.bio, n.certificates, n.confirmed_at, n.created_at, n.is_active, n.is_verified, n.rejection_reason, n.service_radius_km, n.specialization, n.updated_at, n.user_id, n.verification_submission_status, n.years_experience
      FROM nurse_profiles AS n
      WHERE n.user_id = @__userId_0
      LIMIT 1
info: Microsoft.EntityFrameworkCore.Database.Command[20101]
      Executed DbCommand (42ms) [Parameters=[@p1='?' (DbType = Int32), @p0='?' (DbType = DateTime), @p3='?' (DbType = Int32), @p2='?' (DbType = DateTime)], CommandType='Text', CommandTimeout='30']
      UPDATE documents SET updated_at = @p0
      WHERE id = @p1;
      UPDATE documents SET updated_at = @p2
      WHERE id = @p3;
info: Microsoft.EntityFrameworkCore.Database.Command[20101]
      Executed DbCommand (42ms) [Parameters=[@__nurseProfileId_0='?' (DbType = Int32), @__normalizedType_1='?'], CommandType='Text', CommandTimeout='30']
      SELECT d.id, d.created_at, d.nurse_profile_id, d.public_id, d.status, d.type, d.updated_at
      FROM documents AS d
      WHERE d.nurse_profile_id = @__nurseProfileId_0 AND d.type = @__normalizedType_1
      LIMIT 1
info: Microsoft.EntityFrameworkCore.Database.Command[20101]
      Executed DbCommand (43ms) [Parameters=[@__nurseProfileId_0='?' (DbType = Int32), @__normalizedType_1='?'], CommandType='Text', CommandTimeout='30']
      SELECT d.id, d.created_at, d.nurse_profile_id, d.public_id, d.status, d.type, d.updated_at
      FROM documents AS d
      WHERE d.nurse_profile_id = @__nurseProfileId_0 AND d.type = @__normalizedType_1
      LIMIT 1
info: Microsoft.EntityFrameworkCore.Database.Command[20101]
      Executed DbCommand (43ms) [Parameters=[@__nurseProfileId_0='?' (DbType = Int32), @__serviceId_1='?' (DbType = Int32)], CommandType='Text', CommandTimeout='30']
      SELECT n.id, n.nurse_profile_id, n.price, n.service_id, n.status, n.unit
      FROM nurse_services AS n
      WHERE n.nurse_profile_id = @__nurseProfileId_0 AND n.service_id = @__serviceId_1
      LIMIT 1
info: Microsoft.EntityFrameworkCore.Database.Command[20101]
      Executed DbCommand (42ms) [Parameters=[@__nurseProfileId_0='?' (DbType = Int32), @__serviceId_1='?' (DbType = Int32)], CommandType='Text', CommandTimeout='30']
      SELECT n.id, n.nurse_profile_id, n.price, n.service_id, n.status, n.unit
      FROM nurse_services AS n
      WHERE n.nurse_profile_id = @__nurseProfileId_0 AND n.service_id = @__serviceId_1
      LIMIT 1
info: Microsoft.EntityFrameworkCore.Database.Command[20101]
      Executed DbCommand (44ms) [Parameters=[@__nurseProfileId_0='?' (DbType = Int32), @__serviceId_1='?' (DbType = Int32)], CommandType='Text', CommandTimeout='30']
      SELECT n.id, n.nurse_profile_id, n.price, n.service_id, n.status, n.unit
      FROM nurse_services AS n
      WHERE n.nurse_profile_id = @__nurseProfileId_0 AND n.service_id = @__serviceId_1
      LIMIT 1
info: Microsoft.EntityFrameworkCore.Database.Command[20101]
      Executed DbCommand (42ms) [Parameters=[@__nurseProfileId_0='?' (DbType = Int32), @__serviceId_1='?' (DbType = Int32)], CommandType='Text', CommandTimeout='30']
      SELECT n.id, n.nurse_profile_id, n.price, n.service_id, n.status, n.unit
      FROM nurse_services AS n
      WHERE n.nurse_profile_id = @__nurseProfileId_0 AND n.service_id = @__serviceId_1
      LIMIT 1
info: Microsoft.EntityFrameworkCore.Database.Command[20101]
      Executed DbCommand (41ms) [Parameters=[@__nurseProfileId_0='?' (DbType = Int32), @__start_1='?' (DbType = DateTime), @__end_2='?' (DbType = DateTime)], CommandType='Text', CommandTimeout='30']
      SELECT a.id, a.end_time, a.nurse_profile_id, a.start_time
      FROM availability_slots AS a
      WHERE a.nurse_profile_id = @__nurseProfileId_0 AND a.start_time = @__start_1 AND a.end_time = @__end_2
      LIMIT 1
info: Microsoft.EntityFrameworkCore.Database.Command[20101]
      Executed DbCommand (41ms) [Parameters=[@__nurseProfileId_0='?' (DbType = Int32), @__start_1='?' (DbType = DateTime), @__end_2='?' (DbType = DateTime)], CommandType='Text', CommandTimeout='30']
      SELECT a.id, a.end_time, a.nurse_profile_id, a.start_time
      FROM availability_slots AS a
      WHERE a.nurse_profile_id = @__nurseProfileId_0 AND a.start_time = @__start_1 AND a.end_time = @__end_2
      LIMIT 1
info: Microsoft.EntityFrameworkCore.Database.Command[20101]
      Executed DbCommand (46ms) [Parameters=[@__normalizedEmail_0='?'], CommandType='Text', CommandTimeout='30']
      SELECT u.id, u.access_failed_count, u.avatar, u.bank_account_name, u.bank_account_number, u.bank_bin, u.concurrency_stamp, u.created_at, u.email, u.email_confirmed, u.full_name, u.lockout_enabled, u.lockout_end, u.normalized_email, u.normalized_user_name, u.password_hash, u.phone, u.phone_confirmed, u.security_stamp, u.status, u.two_factor_enabled, u.updated_at, u.user_name
      FROM users AS u
      WHERE u.normalized_email = @__normalizedEmail_0
      LIMIT 2
info: Microsoft.EntityFrameworkCore.Database.Command[20101]
      Executed DbCommand (42ms) [Parameters=[@__userId_0='?' (DbType = Int32)], CommandType='Text', CommandTimeout='30']
      SELECT r.code
      FROM user_roles AS u
      INNER JOIN roles AS r ON u.role_id = r.id
      WHERE u.user_id = @__userId_0
info: Microsoft.EntityFrameworkCore.Database.Command[20101]
      Executed DbCommand (42ms) [Parameters=[@__userId_0='?' (DbType = Int32), @__type_1='?', @__isDefault_2='?' (DbType = Boolean)], CommandType='Text', CommandTimeout='30']
      SELECT a.id, a.district, a.full_address, a.is_default, a.latitude, a.longitude, a.type, a.user_id, a.ward
      FROM addresses AS a
      WHERE a.user_id = @__userId_0 AND a.type = @__type_1 AND a.is_default = @__isDefault_2
      LIMIT 1
info: Microsoft.EntityFrameworkCore.Database.Command[20101]
      Executed DbCommand (41ms) [Parameters=[@__userId_0='?' (DbType = Int32)], CommandType='Text', CommandTimeout='30']
      SELECT n.id, n.average_rating, n.bio, n.certificates, n.confirmed_at, n.created_at, n.is_active, n.is_verified, n.rejection_reason, n.service_radius_km, n.specialization, n.updated_at, n.user_id, n.verification_submission_status, n.years_experience
      FROM nurse_profiles AS n
      WHERE n.user_id = @__userId_0
      LIMIT 1
info: Microsoft.EntityFrameworkCore.Database.Command[20101]
      Executed DbCommand (42ms) [Parameters=[@p1='?' (DbType = Int32), @p0='?' (DbType = DateTime), @p3='?' (DbType = Int32), @p2='?' (DbType = DateTime)], CommandType='Text', CommandTimeout='30']
      UPDATE documents SET updated_at = @p0
      WHERE id = @p1;
      UPDATE documents SET updated_at = @p2
      WHERE id = @p3;
info: Microsoft.EntityFrameworkCore.Database.Command[20101]
      Executed DbCommand (42ms) [Parameters=[@__nurseProfileId_0='?' (DbType = Int32), @__normalizedType_1='?'], CommandType='Text', CommandTimeout='30']
      SELECT d.id, d.created_at, d.nurse_profile_id, d.public_id, d.status, d.type, d.updated_at
      FROM documents AS d
      WHERE d.nurse_profile_id = @__nurseProfileId_0 AND d.type = @__normalizedType_1
      LIMIT 1
info: Microsoft.EntityFrameworkCore.Database.Command[20101]
      Executed DbCommand (43ms) [Parameters=[@__nurseProfileId_0='?' (DbType = Int32), @__normalizedType_1='?'], CommandType='Text', CommandTimeout='30']
      SELECT d.id, d.created_at, d.nurse_profile_id, d.public_id, d.status, d.type, d.updated_at
      FROM documents AS d
      WHERE d.nurse_profile_id = @__nurseProfileId_0 AND d.type = @__normalizedType_1
      LIMIT 1
info: Microsoft.EntityFrameworkCore.Database.Command[20101]
      Executed DbCommand (42ms) [Parameters=[@__nurseProfileId_0='?' (DbType = Int32), @__serviceId_1='?' (DbType = Int32)], CommandType='Text', CommandTimeout='30']
      SELECT n.id, n.nurse_profile_id, n.price, n.service_id, n.status, n.unit
      FROM nurse_services AS n
      WHERE n.nurse_profile_id = @__nurseProfileId_0 AND n.service_id = @__serviceId_1
      LIMIT 1
info: Microsoft.EntityFrameworkCore.Database.Command[20101]
      Executed DbCommand (43ms) [Parameters=[@__nurseProfileId_0='?' (DbType = Int32), @__serviceId_1='?' (DbType = Int32)], CommandType='Text', CommandTimeout='30']
      SELECT n.id, n.nurse_profile_id, n.price, n.service_id, n.status, n.unit
      FROM nurse_services AS n
      WHERE n.nurse_profile_id = @__nurseProfileId_0 AND n.service_id = @__serviceId_1
      LIMIT 1
info: Microsoft.EntityFrameworkCore.Database.Command[20101]
      Executed DbCommand (42ms) [Parameters=[@__nurseProfileId_0='?' (DbType = Int32), @__serviceId_1='?' (DbType = Int32)], CommandType='Text', CommandTimeout='30']
      SELECT n.id, n.nurse_profile_id, n.price, n.service_id, n.status, n.unit
      FROM nurse_services AS n
      WHERE n.nurse_profile_id = @__nurseProfileId_0 AND n.service_id = @__serviceId_1
      LIMIT 1
info: Microsoft.EntityFrameworkCore.Database.Command[20101]
      Executed DbCommand (42ms) [Parameters=[@__nurseProfileId_0='?' (DbType = Int32), @__serviceId_1='?' (DbType = Int32)], CommandType='Text', CommandTimeout='30']
      SELECT n.id, n.nurse_profile_id, n.price, n.service_id, n.status, n.unit
      FROM nurse_services AS n
      WHERE n.nurse_profile_id = @__nurseProfileId_0 AND n.service_id = @__serviceId_1
      LIMIT 1
info: Microsoft.EntityFrameworkCore.Database.Command[20101]
      Executed DbCommand (43ms) [Parameters=[@__nurseProfileId_0='?' (DbType = Int32), @__start_1='?' (DbType = DateTime), @__end_2='?' (DbType = DateTime)], CommandType='Text', CommandTimeout='30']
      SELECT a.id, a.end_time, a.nurse_profile_id, a.start_time
      FROM availability_slots AS a
      WHERE a.nurse_profile_id = @__nurseProfileId_0 AND a.start_time = @__start_1 AND a.end_time = @__end_2
      LIMIT 1
info: Microsoft.EntityFrameworkCore.Database.Command[20101]
      Executed DbCommand (45ms) [Parameters=[@__nurseProfileId_0='?' (DbType = Int32), @__start_1='?' (DbType = DateTime), @__end_2='?' (DbType = DateTime)], CommandType='Text', CommandTimeout='30']
      SELECT a.id, a.end_time, a.nurse_profile_id, a.start_time
      FROM availability_slots AS a
      WHERE a.nurse_profile_id = @__nurseProfileId_0 AND a.start_time = @__start_1 AND a.end_time = @__end_2
      LIMIT 1
info: Microsoft.EntityFrameworkCore.Database.Command[20101]
      Executed DbCommand (40ms) [Parameters=[@__normalizedEmail_0='?'], CommandType='Text', CommandTimeout='30']
      SELECT u.id, u.access_failed_count, u.avatar, u.bank_account_name, u.bank_account_number, u.bank_bin, u.concurrency_stamp, u.created_at, u.email, u.email_confirmed, u.full_name, u.lockout_enabled, u.lockout_end, u.normalized_email, u.normalized_user_name, u.password_hash, u.phone, u.phone_confirmed, u.security_stamp, u.status, u.two_factor_enabled, u.updated_at, u.user_name
      FROM users AS u
      WHERE u.normalized_email = @__normalizedEmail_0
      LIMIT 2
info: Microsoft.EntityFrameworkCore.Database.Command[20101]
      Executed DbCommand (41ms) [Parameters=[@__userId_0='?' (DbType = Int32)], CommandType='Text', CommandTimeout='30']
      SELECT r.code
      FROM user_roles AS u
      INNER JOIN roles AS r ON u.role_id = r.id
      WHERE u.user_id = @__userId_0
info: Microsoft.EntityFrameworkCore.Database.Command[20101]
      Executed DbCommand (42ms) [Parameters=[@__userId_0='?' (DbType = Int32), @__type_1='?', @__isDefault_2='?' (DbType = Boolean)], CommandType='Text', CommandTimeout='30']
      SELECT a.id, a.district, a.full_address, a.is_default, a.latitude, a.longitude, a.type, a.user_id, a.ward
      FROM addresses AS a
      WHERE a.user_id = @__userId_0 AND a.type = @__type_1 AND a.is_default = @__isDefault_2
      LIMIT 1
info: Microsoft.EntityFrameworkCore.Database.Command[20101]
      Executed DbCommand (40ms) [Parameters=[@__userId_0='?' (DbType = Int32)], CommandType='Text', CommandTimeout='30']
      SELECT n.id, n.average_rating, n.bio, n.certificates, n.confirmed_at, n.created_at, n.is_active, n.is_verified, n.rejection_reason, n.service_radius_km, n.specialization, n.updated_at, n.user_id, n.verification_submission_status, n.years_experience
      FROM nurse_profiles AS n
      WHERE n.user_id = @__userId_0
      LIMIT 1
info: Microsoft.EntityFrameworkCore.Database.Command[20101]
      Executed DbCommand (42ms) [Parameters=[@p1='?' (DbType = Int32), @p0='?' (DbType = DateTime), @p3='?' (DbType = Int32), @p2='?' (DbType = DateTime)], CommandType='Text', CommandTimeout='30']
      UPDATE documents SET updated_at = @p0
      WHERE id = @p1;
      UPDATE documents SET updated_at = @p2
      WHERE id = @p3;
info: Microsoft.EntityFrameworkCore.Database.Command[20101]
      Executed DbCommand (41ms) [Parameters=[@__nurseProfileId_0='?' (DbType = Int32), @__normalizedType_1='?'], CommandType='Text', CommandTimeout='30']
      SELECT d.id, d.created_at, d.nurse_profile_id, d.public_id, d.status, d.type, d.updated_at
      FROM documents AS d
      WHERE d.nurse_profile_id = @__nurseProfileId_0 AND d.type = @__normalizedType_1
      LIMIT 1
info: Microsoft.EntityFrameworkCore.Database.Command[20101]
      Executed DbCommand (43ms) [Parameters=[@__nurseProfileId_0='?' (DbType = Int32), @__normalizedType_1='?'], CommandType='Text', CommandTimeout='30']
      SELECT d.id, d.created_at, d.nurse_profile_id, d.public_id, d.status, d.type, d.updated_at
      FROM documents AS d
      WHERE d.nurse_profile_id = @__nurseProfileId_0 AND d.type = @__normalizedType_1
      LIMIT 1
info: Microsoft.EntityFrameworkCore.Database.Command[20101]
      Executed DbCommand (42ms) [Parameters=[@__nurseProfileId_0='?' (DbType = Int32), @__serviceId_1='?' (DbType = Int32)], CommandType='Text', CommandTimeout='30']
      SELECT n.id, n.nurse_profile_id, n.price, n.service_id, n.status, n.unit
      FROM nurse_services AS n
      WHERE n.nurse_profile_id = @__nurseProfileId_0 AND n.service_id = @__serviceId_1
      LIMIT 1
info: Microsoft.EntityFrameworkCore.Database.Command[20101]
      Executed DbCommand (43ms) [Parameters=[@__nurseProfileId_0='?' (DbType = Int32), @__serviceId_1='?' (DbType = Int32)], CommandType='Text', CommandTimeout='30']
      SELECT n.id, n.nurse_profile_id, n.price, n.service_id, n.status, n.unit
      FROM nurse_services AS n
      WHERE n.nurse_profile_id = @__nurseProfileId_0 AND n.service_id = @__serviceId_1
      LIMIT 1
info: Microsoft.EntityFrameworkCore.Database.Command[20101]
      Executed DbCommand (44ms) [Parameters=[@__nurseProfileId_0='?' (DbType = Int32), @__serviceId_1='?' (DbType = Int32)], CommandType='Text', CommandTimeout='30']
      SELECT n.id, n.nurse_profile_id, n.price, n.service_id, n.status, n.unit
      FROM nurse_services AS n
      WHERE n.nurse_profile_id = @__nurseProfileId_0 AND n.service_id = @__serviceId_1
      LIMIT 1
info: Microsoft.EntityFrameworkCore.Database.Command[20101]
      Executed DbCommand (41ms) [Parameters=[@__nurseProfileId_0='?' (DbType = Int32), @__serviceId_1='?' (DbType = Int32)], CommandType='Text', CommandTimeout='30']
      SELECT n.id, n.nurse_profile_id, n.price, n.service_id, n.status, n.unit
      FROM nurse_services AS n
      WHERE n.nurse_profile_id = @__nurseProfileId_0 AND n.service_id = @__serviceId_1
      LIMIT 1
info: Microsoft.EntityFrameworkCore.Database.Command[20101]
      Executed DbCommand (44ms) [Parameters=[@__nurseProfileId_0='?' (DbType = Int32), @__start_1='?' (DbType = DateTime), @__end_2='?' (DbType = DateTime)], CommandType='Text', CommandTimeout='30']
      SELECT a.id, a.end_time, a.nurse_profile_id, a.start_time
      FROM availability_slots AS a
      WHERE a.nurse_profile_id = @__nurseProfileId_0 AND a.start_time = @__start_1 AND a.end_time = @__end_2
      LIMIT 1
info: Microsoft.EntityFrameworkCore.Database.Command[20101]
      Executed DbCommand (47ms) [Parameters=[@__nurseProfileId_0='?' (DbType = Int32), @__start_1='?' (DbType = DateTime), @__end_2='?' (DbType = DateTime)], CommandType='Text', CommandTimeout='30']
      SELECT a.id, a.end_time, a.nurse_profile_id, a.start_time
      FROM availability_slots AS a
      WHERE a.nurse_profile_id = @__nurseProfileId_0 AND a.start_time = @__start_1 AND a.end_time = @__end_2
      LIMIT 1
info: Microsoft.EntityFrameworkCore.Database.Command[20101]
      Executed DbCommand (42ms) [Parameters=[@__normalizedEmail_0='?'], CommandType='Text', CommandTimeout='30']
      SELECT u.id, u.access_failed_count, u.avatar, u.bank_account_name, u.bank_account_number, u.bank_bin, u.concurrency_stamp, u.created_at, u.email, u.email_confirmed, u.full_name, u.lockout_enabled, u.lockout_end, u.normalized_email, u.normalized_user_name, u.password_hash, u.phone, u.phone_confirmed, u.security_stamp, u.status, u.two_factor_enabled, u.updated_at, u.user_name
      FROM users AS u
      WHERE u.normalized_email = @__normalizedEmail_0
      LIMIT 2
info: Microsoft.EntityFrameworkCore.Database.Command[20101]
      Executed DbCommand (51ms) [Parameters=[@__userId_0='?' (DbType = Int32)], CommandType='Text', CommandTimeout='30']
      SELECT r.code
      FROM user_roles AS u
      INNER JOIN roles AS r ON u.role_id = r.id
      WHERE u.user_id = @__userId_0
info: Microsoft.EntityFrameworkCore.Database.Command[20101]
      Executed DbCommand (44ms) [Parameters=[@__userId_0='?' (DbType = Int32), @__type_1='?', @__isDefault_2='?' (DbType = Boolean)], CommandType='Text', CommandTimeout='30']
      SELECT a.id, a.district, a.full_address, a.is_default, a.latitude, a.longitude, a.type, a.user_id, a.ward
      FROM addresses AS a
      WHERE a.user_id = @__userId_0 AND a.type = @__type_1 AND a.is_default = @__isDefault_2
      LIMIT 1
info: Microsoft.EntityFrameworkCore.Database.Command[20101]
      Executed DbCommand (41ms) [Parameters=[@__userId_0='?' (DbType = Int32)], CommandType='Text', CommandTimeout='30']
      SELECT n.id, n.average_rating, n.bio, n.certificates, n.confirmed_at, n.created_at, n.is_active, n.is_verified, n.rejection_reason, n.service_radius_km, n.specialization, n.updated_at, n.user_id, n.verification_submission_status, n.years_experience
      FROM nurse_profiles AS n
      WHERE n.user_id = @__userId_0
      LIMIT 1
info: Microsoft.EntityFrameworkCore.Database.Command[20101]
      Executed DbCommand (43ms) [Parameters=[@p1='?' (DbType = Int32), @p0='?' (DbType = DateTime), @p3='?' (DbType = Int32), @p2='?' (DbType = DateTime)], CommandType='Text', CommandTimeout='30']
      UPDATE documents SET updated_at = @p0
      WHERE id = @p1;
      UPDATE documents SET updated_at = @p2
      WHERE id = @p3;
info: Microsoft.EntityFrameworkCore.Database.Command[20101]
      Executed DbCommand (43ms) [Parameters=[@__nurseProfileId_0='?' (DbType = Int32), @__normalizedType_1='?'], CommandType='Text', CommandTimeout='30']
      SELECT d.id, d.created_at, d.nurse_profile_id, d.public_id, d.status, d.type, d.updated_at
      FROM documents AS d
      WHERE d.nurse_profile_id = @__nurseProfileId_0 AND d.type = @__normalizedType_1
      LIMIT 1
info: Microsoft.EntityFrameworkCore.Database.Command[20101]
      Executed DbCommand (42ms) [Parameters=[@__nurseProfileId_0='?' (DbType = Int32), @__normalizedType_1='?'], CommandType='Text', CommandTimeout='30']
      SELECT d.id, d.created_at, d.nurse_profile_id, d.public_id, d.status, d.type, d.updated_at
      FROM documents AS d
      WHERE d.nurse_profile_id = @__nurseProfileId_0 AND d.type = @__normalizedType_1
      LIMIT 1
info: Microsoft.EntityFrameworkCore.Database.Command[20101]
      Executed DbCommand (42ms) [Parameters=[@__nurseProfileId_0='?' (DbType = Int32), @__serviceId_1='?' (DbType = Int32)], CommandType='Text', CommandTimeout='30']
      SELECT n.id, n.nurse_profile_id, n.price, n.service_id, n.status, n.unit
      FROM nurse_services AS n
      WHERE n.nurse_profile_id = @__nurseProfileId_0 AND n.service_id = @__serviceId_1
      LIMIT 1
info: Microsoft.EntityFrameworkCore.Database.Command[20101]
      Executed DbCommand (46ms) [Parameters=[@__nurseProfileId_0='?' (DbType = Int32), @__serviceId_1='?' (DbType = Int32)], CommandType='Text', CommandTimeout='30']
      SELECT n.id, n.nurse_profile_id, n.price, n.service_id, n.status, n.unit
      FROM nurse_services AS n
      WHERE n.nurse_profile_id = @__nurseProfileId_0 AND n.service_id = @__serviceId_1
      LIMIT 1
info: Microsoft.EntityFrameworkCore.Database.Command[20101]
      Executed DbCommand (44ms) [Parameters=[@__nurseProfileId_0='?' (DbType = Int32), @__serviceId_1='?' (DbType = Int32)], CommandType='Text', CommandTimeout='30']
      SELECT n.id, n.nurse_profile_id, n.price, n.service_id, n.status, n.unit
      FROM nurse_services AS n
      WHERE n.nurse_profile_id = @__nurseProfileId_0 AND n.service_id = @__serviceId_1
      LIMIT 1
info: Microsoft.EntityFrameworkCore.Database.Command[20101]
      Executed DbCommand (42ms) [Parameters=[@__nurseProfileId_0='?' (DbType = Int32), @__serviceId_1='?' (DbType = Int32)], CommandType='Text', CommandTimeout='30']
      SELECT n.id, n.nurse_profile_id, n.price, n.service_id, n.status, n.unit
      FROM nurse_services AS n
      WHERE n.nurse_profile_id = @__nurseProfileId_0 AND n.service_id = @__serviceId_1
      LIMIT 1
info: Microsoft.EntityFrameworkCore.Database.Command[20101]
      Executed DbCommand (41ms) [Parameters=[@__nurseProfileId_0='?' (DbType = Int32), @__start_1='?' (DbType = DateTime), @__end_2='?' (DbType = DateTime)], CommandType='Text', CommandTimeout='30']
      SELECT a.id, a.end_time, a.nurse_profile_id, a.start_time
      FROM availability_slots AS a
      WHERE a.nurse_profile_id = @__nurseProfileId_0 AND a.start_time = @__start_1 AND a.end_time = @__end_2
      LIMIT 1
info: Microsoft.EntityFrameworkCore.Database.Command[20101]
      Executed DbCommand (41ms) [Parameters=[@__nurseProfileId_0='?' (DbType = Int32), @__start_1='?' (DbType = DateTime), @__end_2='?' (DbType = DateTime)], CommandType='Text', CommandTimeout='30']
      SELECT a.id, a.end_time, a.nurse_profile_id, a.start_time
      FROM availability_slots AS a
      WHERE a.nurse_profile_id = @__nurseProfileId_0 AND a.start_time = @__start_1 AND a.end_time = @__end_2
      LIMIT 1
info: Microsoft.EntityFrameworkCore.Database.Command[20101]
      Executed DbCommand (45ms) [Parameters=[@__normalizedEmail_0='?'], CommandType='Text', CommandTimeout='30']
      SELECT u.id, u.access_failed_count, u.avatar, u.bank_account_name, u.bank_account_number, u.bank_bin, u.concurrency_stamp, u.created_at, u.email, u.email_confirmed, u.full_name, u.lockout_enabled, u.lockout_end, u.normalized_email, u.normalized_user_name, u.password_hash, u.phone, u.phone_confirmed, u.security_stamp, u.status, u.two_factor_enabled, u.updated_at, u.user_name
      FROM users AS u
      WHERE u.normalized_email = @__normalizedEmail_0
      LIMIT 2
info: Microsoft.EntityFrameworkCore.Database.Command[20101]
      Executed DbCommand (43ms) [Parameters=[@__userId_0='?' (DbType = Int32)], CommandType='Text', CommandTimeout='30']
      SELECT r.code
      FROM user_roles AS u
      INNER JOIN roles AS r ON u.role_id = r.id
      WHERE u.user_id = @__userId_0
info: Microsoft.EntityFrameworkCore.Database.Command[20101]
      Executed DbCommand (41ms) [Parameters=[@__userId_0='?' (DbType = Int32), @__type_1='?', @__isDefault_2='?' (DbType = Boolean)], CommandType='Text', CommandTimeout='30']
      SELECT a.id, a.district, a.full_address, a.is_default, a.latitude, a.longitude, a.type, a.user_id, a.ward
      FROM addresses AS a
      WHERE a.user_id = @__userId_0 AND a.type = @__type_1 AND a.is_default = @__isDefault_2
      LIMIT 1
info: Microsoft.EntityFrameworkCore.Database.Command[20101]
      Executed DbCommand (42ms) [Parameters=[@__userId_0='?' (DbType = Int32)], CommandType='Text', CommandTimeout='30']
      SELECT n.id, n.average_rating, n.bio, n.certificates, n.confirmed_at, n.created_at, n.is_active, n.is_verified, n.rejection_reason, n.service_radius_km, n.specialization, n.updated_at, n.user_id, n.verification_submission_status, n.years_experience
      FROM nurse_profiles AS n
      WHERE n.user_id = @__userId_0
      LIMIT 1
info: Microsoft.EntityFrameworkCore.Database.Command[20101]
      Executed DbCommand (41ms) [Parameters=[@p1='?' (DbType = Int32), @p0='?' (DbType = DateTime), @p3='?' (DbType = Int32), @p2='?' (DbType = DateTime)], CommandType='Text', CommandTimeout='30']
      UPDATE documents SET updated_at = @p0
      WHERE id = @p1;
      UPDATE documents SET updated_at = @p2
      WHERE id = @p3;
info: Microsoft.EntityFrameworkCore.Database.Command[20101]
      Executed DbCommand (41ms) [Parameters=[@__nurseProfileId_0='?' (DbType = Int32), @__normalizedType_1='?'], CommandType='Text', CommandTimeout='30']
      SELECT d.id, d.created_at, d.nurse_profile_id, d.public_id, d.status, d.type, d.updated_at
      FROM documents AS d
      WHERE d.nurse_profile_id = @__nurseProfileId_0 AND d.type = @__normalizedType_1
      LIMIT 1
info: Microsoft.EntityFrameworkCore.Database.Command[20101]
      Executed DbCommand (41ms) [Parameters=[@__nurseProfileId_0='?' (DbType = Int32), @__normalizedType_1='?'], CommandType='Text', CommandTimeout='30']
      SELECT d.id, d.created_at, d.nurse_profile_id, d.public_id, d.status, d.type, d.updated_at
      FROM documents AS d
      WHERE d.nurse_profile_id = @__nurseProfileId_0 AND d.type = @__normalizedType_1
      LIMIT 1
info: Microsoft.EntityFrameworkCore.Database.Command[20101]
      Executed DbCommand (41ms) [Parameters=[@__nurseProfileId_0='?' (DbType = Int32), @__serviceId_1='?' (DbType = Int32)], CommandType='Text', CommandTimeout='30']
      SELECT n.id, n.nurse_profile_id, n.price, n.service_id, n.status, n.unit
      FROM nurse_services AS n
      WHERE n.nurse_profile_id = @__nurseProfileId_0 AND n.service_id = @__serviceId_1
      LIMIT 1
info: Microsoft.EntityFrameworkCore.Database.Command[20101]
      Executed DbCommand (44ms) [Parameters=[@__nurseProfileId_0='?' (DbType = Int32), @__serviceId_1='?' (DbType = Int32)], CommandType='Text', CommandTimeout='30']
      SELECT n.id, n.nurse_profile_id, n.price, n.service_id, n.status, n.unit
      FROM nurse_services AS n
      WHERE n.nurse_profile_id = @__nurseProfileId_0 AND n.service_id = @__serviceId_1
      LIMIT 1
info: Microsoft.EntityFrameworkCore.Database.Command[20101]
      Executed DbCommand (41ms) [Parameters=[@__nurseProfileId_0='?' (DbType = Int32), @__serviceId_1='?' (DbType = Int32)], CommandType='Text', CommandTimeout='30']
      SELECT n.id, n.nurse_profile_id, n.price, n.service_id, n.status, n.unit
      FROM nurse_services AS n
      WHERE n.nurse_profile_id = @__nurseProfileId_0 AND n.service_id = @__serviceId_1
      LIMIT 1
info: Microsoft.EntityFrameworkCore.Database.Command[20101]
      Executed DbCommand (41ms) [Parameters=[@__nurseProfileId_0='?' (DbType = Int32), @__serviceId_1='?' (DbType = Int32)], CommandType='Text', CommandTimeout='30']
      SELECT n.id, n.nurse_profile_id, n.price, n.service_id, n.status, n.unit
      FROM nurse_services AS n
      WHERE n.nurse_profile_id = @__nurseProfileId_0 AND n.service_id = @__serviceId_1
      LIMIT 1
info: Microsoft.EntityFrameworkCore.Database.Command[20101]
      Executed DbCommand (44ms) [Parameters=[@__nurseProfileId_0='?' (DbType = Int32), @__start_1='?' (DbType = DateTime), @__end_2='?' (DbType = DateTime)], CommandType='Text', CommandTimeout='30']
      SELECT a.id, a.end_time, a.nurse_profile_id, a.start_time
      FROM availability_slots AS a
      WHERE a.nurse_profile_id = @__nurseProfileId_0 AND a.start_time = @__start_1 AND a.end_time = @__end_2
      LIMIT 1
info: Microsoft.EntityFrameworkCore.Database.Command[20101]
      Executed DbCommand (41ms) [Parameters=[@__nurseProfileId_0='?' (DbType = Int32), @__start_1='?' (DbType = DateTime), @__end_2='?' (DbType = DateTime)], CommandType='Text', CommandTimeout='30']
      SELECT a.id, a.end_time, a.nurse_profile_id, a.start_time
      FROM availability_slots AS a
      WHERE a.nurse_profile_id = @__nurseProfileId_0 AND a.start_time = @__start_1 AND a.end_time = @__end_2
      LIMIT 1
info: Microsoft.EntityFrameworkCore.Database.Command[20101]
      Executed DbCommand (44ms) [Parameters=[@__normalizedEmail_0='?'], CommandType='Text', CommandTimeout='30']
      SELECT u.id, u.access_failed_count, u.avatar, u.bank_account_name, u.bank_account_number, u.bank_bin, u.concurrency_stamp, u.created_at, u.email, u.email_confirmed, u.full_name, u.lockout_enabled, u.lockout_end, u.normalized_email, u.normalized_user_name, u.password_hash, u.phone, u.phone_confirmed, u.security_stamp, u.status, u.two_factor_enabled, u.updated_at, u.user_name
      FROM users AS u
      WHERE u.normalized_email = @__normalizedEmail_0
      LIMIT 2
info: Microsoft.EntityFrameworkCore.Database.Command[20101]
      Executed DbCommand (43ms) [Parameters=[@__userId_0='?' (DbType = Int32)], CommandType='Text', CommandTimeout='30']
      SELECT r.code
      FROM user_roles AS u
      INNER JOIN roles AS r ON u.role_id = r.id
      WHERE u.user_id = @__userId_0
info: Microsoft.EntityFrameworkCore.Database.Command[20101]
      Executed DbCommand (41ms) [Parameters=[@__userId_0='?' (DbType = Int32), @__type_1='?', @__isDefault_2='?' (DbType = Boolean)], CommandType='Text', CommandTimeout='30']
      SELECT a.id, a.district, a.full_address, a.is_default, a.latitude, a.longitude, a.type, a.user_id, a.ward
      FROM addresses AS a
      WHERE a.user_id = @__userId_0 AND a.type = @__type_1 AND a.is_default = @__isDefault_2
      LIMIT 1
info: Microsoft.EntityFrameworkCore.Database.Command[20101]
      Executed DbCommand (42ms) [Parameters=[@__userId_0='?' (DbType = Int32)], CommandType='Text', CommandTimeout='30']
      SELECT n.id, n.average_rating, n.bio, n.certificates, n.confirmed_at, n.created_at, n.is_active, n.is_verified, n.rejection_reason, n.service_radius_km, n.specialization, n.updated_at, n.user_id, n.verification_submission_status, n.years_experience
      FROM nurse_profiles AS n
      WHERE n.user_id = @__userId_0
      LIMIT 1
info: Microsoft.EntityFrameworkCore.Database.Command[20101]
      Executed DbCommand (43ms) [Parameters=[@p1='?' (DbType = Int32), @p0='?' (DbType = DateTime), @p3='?' (DbType = Int32), @p2='?' (DbType = DateTime)], CommandType='Text', CommandTimeout='30']
      UPDATE documents SET updated_at = @p0
      WHERE id = @p1;
      UPDATE documents SET updated_at = @p2
      WHERE id = @p3;
info: Microsoft.EntityFrameworkCore.Database.Command[20101]
      Executed DbCommand (44ms) [Parameters=[@__nurseProfileId_0='?' (DbType = Int32), @__normalizedType_1='?'], CommandType='Text', CommandTimeout='30']
      SELECT d.id, d.created_at, d.nurse_profile_id, d.public_id, d.status, d.type, d.updated_at
      FROM documents AS d
      WHERE d.nurse_profile_id = @__nurseProfileId_0 AND d.type = @__normalizedType_1
      LIMIT 1
info: Microsoft.EntityFrameworkCore.Database.Command[20101]
      Executed DbCommand (44ms) [Parameters=[@__nurseProfileId_0='?' (DbType = Int32), @__normalizedType_1='?'], CommandType='Text', CommandTimeout='30']
      SELECT d.id, d.created_at, d.nurse_profile_id, d.public_id, d.status, d.type, d.updated_at
      FROM documents AS d
      WHERE d.nurse_profile_id = @__nurseProfileId_0 AND d.type = @__normalizedType_1
      LIMIT 1
info: Microsoft.EntityFrameworkCore.Database.Command[20101]
      Executed DbCommand (50ms) [Parameters=[@__nurseProfileId_0='?' (DbType = Int32), @__serviceId_1='?' (DbType = Int32)], CommandType='Text', CommandTimeout='30']
      SELECT n.id, n.nurse_profile_id, n.price, n.service_id, n.status, n.unit
      FROM nurse_services AS n
      WHERE n.nurse_profile_id = @__nurseProfileId_0 AND n.service_id = @__serviceId_1
      LIMIT 1
info: Microsoft.EntityFrameworkCore.Database.Command[20101]
      Executed DbCommand (47ms) [Parameters=[@__nurseProfileId_0='?' (DbType = Int32), @__serviceId_1='?' (DbType = Int32)], CommandType='Text', CommandTimeout='30']
      SELECT n.id, n.nurse_profile_id, n.price, n.service_id, n.status, n.unit
      FROM nurse_services AS n
      WHERE n.nurse_profile_id = @__nurseProfileId_0 AND n.service_id = @__serviceId_1
      LIMIT 1
info: Microsoft.EntityFrameworkCore.Database.Command[20101]
      Executed DbCommand (41ms) [Parameters=[@__nurseProfileId_0='?' (DbType = Int32), @__serviceId_1='?' (DbType = Int32)], CommandType='Text', CommandTimeout='30']
      SELECT n.id, n.nurse_profile_id, n.price, n.service_id, n.status, n.unit
      FROM nurse_services AS n
      WHERE n.nurse_profile_id = @__nurseProfileId_0 AND n.service_id = @__serviceId_1
      LIMIT 1
info: Microsoft.EntityFrameworkCore.Database.Command[20101]
      Executed DbCommand (42ms) [Parameters=[@__nurseProfileId_0='?' (DbType = Int32), @__serviceId_1='?' (DbType = Int32)], CommandType='Text', CommandTimeout='30']
      SELECT n.id, n.nurse_profile_id, n.price, n.service_id, n.status, n.unit
      FROM nurse_services AS n
      WHERE n.nurse_profile_id = @__nurseProfileId_0 AND n.service_id = @__serviceId_1
      LIMIT 1
info: Microsoft.EntityFrameworkCore.Database.Command[20101]
      Executed DbCommand (45ms) [Parameters=[@__nurseProfileId_0='?' (DbType = Int32), @__start_1='?' (DbType = DateTime), @__end_2='?' (DbType = DateTime)], CommandType='Text', CommandTimeout='30']
      SELECT a.id, a.end_time, a.nurse_profile_id, a.start_time
      FROM availability_slots AS a
      WHERE a.nurse_profile_id = @__nurseProfileId_0 AND a.start_time = @__start_1 AND a.end_time = @__end_2
      LIMIT 1
info: Microsoft.EntityFrameworkCore.Database.Command[20101]
      Executed DbCommand (42ms) [Parameters=[@__nurseProfileId_0='?' (DbType = Int32), @__start_1='?' (DbType = DateTime), @__end_2='?' (DbType = DateTime)], CommandType='Text', CommandTimeout='30']
      SELECT a.id, a.end_time, a.nurse_profile_id, a.start_time
      FROM availability_slots AS a
      WHERE a.nurse_profile_id = @__nurseProfileId_0 AND a.start_time = @__start_1 AND a.end_time = @__end_2
      LIMIT 1
info: Microsoft.EntityFrameworkCore.Database.Command[20101]
      Executed DbCommand (45ms) [Parameters=[@__normalizedEmail_0='?'], CommandType='Text', CommandTimeout='30']
      SELECT u.id, u.access_failed_count, u.avatar, u.bank_account_name, u.bank_account_number, u.bank_bin, u.concurrency_stamp, u.created_at, u.email, u.email_confirmed, u.full_name, u.lockout_enabled, u.lockout_end, u.normalized_email, u.normalized_user_name, u.password_hash, u.phone, u.phone_confirmed, u.security_stamp, u.status, u.two_factor_enabled, u.updated_at, u.user_name
      FROM users AS u
      WHERE u.normalized_email = @__normalizedEmail_0
      LIMIT 2
info: Microsoft.EntityFrameworkCore.Database.Command[20101]
      Executed DbCommand (41ms) [Parameters=[@__userId_0='?' (DbType = Int32)], CommandType='Text', CommandTimeout='30']
      SELECT r.code
      FROM user_roles AS u
      INNER JOIN roles AS r ON u.role_id = r.id
      WHERE u.user_id = @__userId_0
info: Microsoft.EntityFrameworkCore.Database.Command[20101]
      Executed DbCommand (43ms) [Parameters=[@__userId_0='?' (DbType = Int32), @__type_1='?', @__isDefault_2='?' (DbType = Boolean)], CommandType='Text', CommandTimeout='30']
      SELECT a.id, a.district, a.full_address, a.is_default, a.latitude, a.longitude, a.type, a.user_id, a.ward
      FROM addresses AS a
      WHERE a.user_id = @__userId_0 AND a.type = @__type_1 AND a.is_default = @__isDefault_2
      LIMIT 1
info: Microsoft.EntityFrameworkCore.Database.Command[20101]
      Executed DbCommand (43ms) [Parameters=[@__userId_0='?' (DbType = Int32)], CommandType='Text', CommandTimeout='30']
      SELECT n.id, n.average_rating, n.bio, n.certificates, n.confirmed_at, n.created_at, n.is_active, n.is_verified, n.rejection_reason, n.service_radius_km, n.specialization, n.updated_at, n.user_id, n.verification_submission_status, n.years_experience
      FROM nurse_profiles AS n
      WHERE n.user_id = @__userId_0
      LIMIT 1
info: Microsoft.EntityFrameworkCore.Database.Command[20101]
      Executed DbCommand (43ms) [Parameters=[@p1='?' (DbType = Int32), @p0='?' (DbType = DateTime), @p3='?' (DbType = Int32), @p2='?' (DbType = DateTime)], CommandType='Text', CommandTimeout='30']
      UPDATE documents SET updated_at = @p0
      WHERE id = @p1;
      UPDATE documents SET updated_at = @p2
      WHERE id = @p3;
info: Microsoft.EntityFrameworkCore.Database.Command[20101]
      Executed DbCommand (49ms) [Parameters=[@__nurseProfileId_0='?' (DbType = Int32), @__normalizedType_1='?'], CommandType='Text', CommandTimeout='30']
      SELECT d.id, d.created_at, d.nurse_profile_id, d.public_id, d.status, d.type, d.updated_at
      FROM documents AS d
      WHERE d.nurse_profile_id = @__nurseProfileId_0 AND d.type = @__normalizedType_1
      LIMIT 1
info: Microsoft.EntityFrameworkCore.Database.Command[20101]
      Executed DbCommand (41ms) [Parameters=[@__nurseProfileId_0='?' (DbType = Int32), @__normalizedType_1='?'], CommandType='Text', CommandTimeout='30']
      SELECT d.id, d.created_at, d.nurse_profile_id, d.public_id, d.status, d.type, d.updated_at
      FROM documents AS d
      WHERE d.nurse_profile_id = @__nurseProfileId_0 AND d.type = @__normalizedType_1
      LIMIT 1
info: Microsoft.EntityFrameworkCore.Database.Command[20101]
      Executed DbCommand (46ms) [Parameters=[@__nurseProfileId_0='?' (DbType = Int32), @__serviceId_1='?' (DbType = Int32)], CommandType='Text', CommandTimeout='30']
      SELECT n.id, n.nurse_profile_id, n.price, n.service_id, n.status, n.unit
      FROM nurse_services AS n
      WHERE n.nurse_profile_id = @__nurseProfileId_0 AND n.service_id = @__serviceId_1
      LIMIT 1
info: Microsoft.EntityFrameworkCore.Database.Command[20101]
      Executed DbCommand (43ms) [Parameters=[@__nurseProfileId_0='?' (DbType = Int32), @__serviceId_1='?' (DbType = Int32)], CommandType='Text', CommandTimeout='30']
      SELECT n.id, n.nurse_profile_id, n.price, n.service_id, n.status, n.unit
      FROM nurse_services AS n
      WHERE n.nurse_profile_id = @__nurseProfileId_0 AND n.service_id = @__serviceId_1
      LIMIT 1
info: Microsoft.EntityFrameworkCore.Database.Command[20101]
      Executed DbCommand (43ms) [Parameters=[@__nurseProfileId_0='?' (DbType = Int32), @__serviceId_1='?' (DbType = Int32)], CommandType='Text', CommandTimeout='30']
      SELECT n.id, n.nurse_profile_id, n.price, n.service_id, n.status, n.unit
      FROM nurse_services AS n
      WHERE n.nurse_profile_id = @__nurseProfileId_0 AND n.service_id = @__serviceId_1
      LIMIT 1
info: Microsoft.EntityFrameworkCore.Database.Command[20101]
      Executed DbCommand (42ms) [Parameters=[@__nurseProfileId_0='?' (DbType = Int32), @__serviceId_1='?' (DbType = Int32)], CommandType='Text', CommandTimeout='30']
      SELECT n.id, n.nurse_profile_id, n.price, n.service_id, n.status, n.unit
      FROM nurse_services AS n
      WHERE n.nurse_profile_id = @__nurseProfileId_0 AND n.service_id = @__serviceId_1
      LIMIT 1
info: Microsoft.EntityFrameworkCore.Database.Command[20101]
      Executed DbCommand (42ms) [Parameters=[@__nurseProfileId_0='?' (DbType = Int32), @__start_1='?' (DbType = DateTime), @__end_2='?' (DbType = DateTime)], CommandType='Text', CommandTimeout='30']
      SELECT a.id, a.end_time, a.nurse_profile_id, a.start_time
      FROM availability_slots AS a
      WHERE a.nurse_profile_id = @__nurseProfileId_0 AND a.start_time = @__start_1 AND a.end_time = @__end_2
      LIMIT 1
info: Microsoft.EntityFrameworkCore.Database.Command[20101]
      Executed DbCommand (42ms) [Parameters=[@__nurseProfileId_0='?' (DbType = Int32), @__start_1='?' (DbType = DateTime), @__end_2='?' (DbType = DateTime)], CommandType='Text', CommandTimeout='30']
      SELECT a.id, a.end_time, a.nurse_profile_id, a.start_time
      FROM availability_slots AS a
      WHERE a.nurse_profile_id = @__nurseProfileId_0 AND a.start_time = @__start_1 AND a.end_time = @__end_2
      LIMIT 1
info: Microsoft.EntityFrameworkCore.Database.Command[20101]
      Executed DbCommand (46ms) [Parameters=[@__normalizedEmail_0='?'], CommandType='Text', CommandTimeout='30']
      SELECT u.id, u.access_failed_count, u.avatar, u.bank_account_name, u.bank_account_number, u.bank_bin, u.concurrency_stamp, u.created_at, u.email, u.email_confirmed, u.full_name, u.lockout_enabled, u.lockout_end, u.normalized_email, u.normalized_user_name, u.password_hash, u.phone, u.phone_confirmed, u.security_stamp, u.status, u.two_factor_enabled, u.updated_at, u.user_name
      FROM users AS u
      WHERE u.normalized_email = @__normalizedEmail_0
      LIMIT 2
info: Microsoft.EntityFrameworkCore.Database.Command[20101]
      Executed DbCommand (42ms) [Parameters=[@__userId_0='?' (DbType = Int32)], CommandType='Text', CommandTimeout='30']
      SELECT r.code
      FROM user_roles AS u
      INNER JOIN roles AS r ON u.role_id = r.id
      WHERE u.user_id = @__userId_0
info: Microsoft.EntityFrameworkCore.Database.Command[20101]
      Executed DbCommand (42ms) [Parameters=[@__userId_0='?' (DbType = Int32), @__type_1='?', @__isDefault_2='?' (DbType = Boolean)], CommandType='Text', CommandTimeout='30']
      SELECT a.id, a.district, a.full_address, a.is_default, a.latitude, a.longitude, a.type, a.user_id, a.ward
      FROM addresses AS a
      WHERE a.user_id = @__userId_0 AND a.type = @__type_1 AND a.is_default = @__isDefault_2
      LIMIT 1
info: Microsoft.EntityFrameworkCore.Database.Command[20101]
      Executed DbCommand (43ms) [Parameters=[@__userId_0='?' (DbType = Int32)], CommandType='Text', CommandTimeout='30']
      SELECT n.id, n.average_rating, n.bio, n.certificates, n.confirmed_at, n.created_at, n.is_active, n.is_verified, n.rejection_reason, n.service_radius_km, n.specialization, n.updated_at, n.user_id, n.verification_submission_status, n.years_experience
      FROM nurse_profiles AS n
      WHERE n.user_id = @__userId_0
      LIMIT 1
info: Microsoft.EntityFrameworkCore.Database.Command[20101]
      Executed DbCommand (41ms) [Parameters=[@p1='?' (DbType = Int32), @p0='?' (DbType = DateTime), @p3='?' (DbType = Int32), @p2='?' (DbType = DateTime)], CommandType='Text', CommandTimeout='30']
      UPDATE documents SET updated_at = @p0
      WHERE id = @p1;
      UPDATE documents SET updated_at = @p2
      WHERE id = @p3;
info: Microsoft.EntityFrameworkCore.Database.Command[20101]
      Executed DbCommand (44ms) [Parameters=[@__nurseProfileId_0='?' (DbType = Int32), @__normalizedType_1='?'], CommandType='Text', CommandTimeout='30']
      SELECT d.id, d.created_at, d.nurse_profile_id, d.public_id, d.status, d.type, d.updated_at
      FROM documents AS d
      WHERE d.nurse_profile_id = @__nurseProfileId_0 AND d.type = @__normalizedType_1
      LIMIT 1
info: Microsoft.EntityFrameworkCore.Database.Command[20101]
      Executed DbCommand (40ms) [Parameters=[@__nurseProfileId_0='?' (DbType = Int32), @__normalizedType_1='?'], CommandType='Text', CommandTimeout='30']
      SELECT d.id, d.created_at, d.nurse_profile_id, d.public_id, d.status, d.type, d.updated_at
      FROM documents AS d
      WHERE d.nurse_profile_id = @__nurseProfileId_0 AND d.type = @__normalizedType_1
      LIMIT 1
info: Microsoft.EntityFrameworkCore.Database.Command[20101]
      Executed DbCommand (41ms) [Parameters=[@__nurseProfileId_0='?' (DbType = Int32), @__serviceId_1='?' (DbType = Int32)], CommandType='Text', CommandTimeout='30']
      SELECT n.id, n.nurse_profile_id, n.price, n.service_id, n.status, n.unit
      FROM nurse_services AS n
      WHERE n.nurse_profile_id = @__nurseProfileId_0 AND n.service_id = @__serviceId_1
      LIMIT 1
info: Microsoft.EntityFrameworkCore.Database.Command[20101]
      Executed DbCommand (42ms) [Parameters=[@__nurseProfileId_0='?' (DbType = Int32), @__serviceId_1='?' (DbType = Int32)], CommandType='Text', CommandTimeout='30']
      SELECT n.id, n.nurse_profile_id, n.price, n.service_id, n.status, n.unit
      FROM nurse_services AS n
      WHERE n.nurse_profile_id = @__nurseProfileId_0 AND n.service_id = @__serviceId_1
      LIMIT 1
info: Microsoft.EntityFrameworkCore.Database.Command[20101]
      Executed DbCommand (41ms) [Parameters=[@__nurseProfileId_0='?' (DbType = Int32), @__serviceId_1='?' (DbType = Int32)], CommandType='Text', CommandTimeout='30']
      SELECT n.id, n.nurse_profile_id, n.price, n.service_id, n.status, n.unit
      FROM nurse_services AS n
      WHERE n.nurse_profile_id = @__nurseProfileId_0 AND n.service_id = @__serviceId_1
      LIMIT 1
info: Microsoft.EntityFrameworkCore.Database.Command[20101]
      Executed DbCommand (41ms) [Parameters=[@__nurseProfileId_0='?' (DbType = Int32), @__serviceId_1='?' (DbType = Int32)], CommandType='Text', CommandTimeout='30']
      SELECT n.id, n.nurse_profile_id, n.price, n.service_id, n.status, n.unit
      FROM nurse_services AS n
      WHERE n.nurse_profile_id = @__nurseProfileId_0 AND n.service_id = @__serviceId_1
      LIMIT 1
info: Microsoft.EntityFrameworkCore.Database.Command[20101]
      Executed DbCommand (43ms) [Parameters=[@__nurseProfileId_0='?' (DbType = Int32), @__start_1='?' (DbType = DateTime), @__end_2='?' (DbType = DateTime)], CommandType='Text', CommandTimeout='30']
      SELECT a.id, a.end_time, a.nurse_profile_id, a.start_time
      FROM availability_slots AS a
      WHERE a.nurse_profile_id = @__nurseProfileId_0 AND a.start_time = @__start_1 AND a.end_time = @__end_2
      LIMIT 1
info: Microsoft.EntityFrameworkCore.Database.Command[20101]
      Executed DbCommand (41ms) [Parameters=[@__nurseProfileId_0='?' (DbType = Int32), @__start_1='?' (DbType = DateTime), @__end_2='?' (DbType = DateTime)], CommandType='Text', CommandTimeout='30']
      SELECT a.id, a.end_time, a.nurse_profile_id, a.start_time
      FROM availability_slots AS a
      WHERE a.nurse_profile_id = @__nurseProfileId_0 AND a.start_time = @__start_1 AND a.end_time = @__end_2
      LIMIT 1
info: Microsoft.EntityFrameworkCore.Database.Command[20101]
      Executed DbCommand (41ms) [Parameters=[@__normalizedEmail_0='?'], CommandType='Text', CommandTimeout='30']
      SELECT u.id, u.access_failed_count, u.avatar, u.bank_account_name, u.bank_account_number, u.bank_bin, u.concurrency_stamp, u.created_at, u.email, u.email_confirmed, u.full_name, u.lockout_enabled, u.lockout_end, u.normalized_email, u.normalized_user_name, u.password_hash, u.phone, u.phone_confirmed, u.security_stamp, u.status, u.two_factor_enabled, u.updated_at, u.user_name
      FROM users AS u
      WHERE u.normalized_email = @__normalizedEmail_0
      LIMIT 2
info: Microsoft.EntityFrameworkCore.Database.Command[20101]
      Executed DbCommand (42ms) [Parameters=[@__userId_0='?' (DbType = Int32)], CommandType='Text', CommandTimeout='30']
      SELECT r.code
      FROM user_roles AS u
      INNER JOIN roles AS r ON u.role_id = r.id
      WHERE u.user_id = @__userId_0
info: Microsoft.EntityFrameworkCore.Database.Command[20101]
      Executed DbCommand (42ms) [Parameters=[@__userId_0='?' (DbType = Int32), @__type_1='?', @__isDefault_2='?' (DbType = Boolean)], CommandType='Text', CommandTimeout='30']
      SELECT a.id, a.district, a.full_address, a.is_default, a.latitude, a.longitude, a.type, a.user_id, a.ward
      FROM addresses AS a
      WHERE a.user_id = @__userId_0 AND a.type = @__type_1 AND a.is_default = @__isDefault_2
      LIMIT 1
info: Microsoft.EntityFrameworkCore.Database.Command[20101]
      Executed DbCommand (45ms) [Parameters=[@__userId_0='?' (DbType = Int32)], CommandType='Text', CommandTimeout='30']
      SELECT n.id, n.average_rating, n.bio, n.certificates, n.confirmed_at, n.created_at, n.is_active, n.is_verified, n.rejection_reason, n.service_radius_km, n.specialization, n.updated_at, n.user_id, n.verification_submission_status, n.years_experience
      FROM nurse_profiles AS n
      WHERE n.user_id = @__userId_0
      LIMIT 1
info: Microsoft.EntityFrameworkCore.Database.Command[20101]
      Executed DbCommand (44ms) [Parameters=[@p1='?' (DbType = Int32), @p0='?' (DbType = DateTime), @p3='?' (DbType = Int32), @p2='?' (DbType = DateTime)], CommandType='Text', CommandTimeout='30']
      UPDATE documents SET updated_at = @p0
      WHERE id = @p1;
      UPDATE documents SET updated_at = @p2
      WHERE id = @p3;
info: Microsoft.EntityFrameworkCore.Database.Command[20101]
      Executed DbCommand (45ms) [Parameters=[@__nurseProfileId_0='?' (DbType = Int32), @__normalizedType_1='?'], CommandType='Text', CommandTimeout='30']
      SELECT d.id, d.created_at, d.nurse_profile_id, d.public_id, d.status, d.type, d.updated_at
      FROM documents AS d
      WHERE d.nurse_profile_id = @__nurseProfileId_0 AND d.type = @__normalizedType_1
      LIMIT 1
info: Microsoft.EntityFrameworkCore.Database.Command[20101]
      Executed DbCommand (43ms) [Parameters=[@__nurseProfileId_0='?' (DbType = Int32), @__normalizedType_1='?'], CommandType='Text', CommandTimeout='30']
      SELECT d.id, d.created_at, d.nurse_profile_id, d.public_id, d.status, d.type, d.updated_at
      FROM documents AS d
      WHERE d.nurse_profile_id = @__nurseProfileId_0 AND d.type = @__normalizedType_1
      LIMIT 1
info: Microsoft.EntityFrameworkCore.Database.Command[20101]
      Executed DbCommand (48ms) [Parameters=[@__nurseProfileId_0='?' (DbType = Int32), @__serviceId_1='?' (DbType = Int32)], CommandType='Text', CommandTimeout='30']
      SELECT n.id, n.nurse_profile_id, n.price, n.service_id, n.status, n.unit
      FROM nurse_services AS n
      WHERE n.nurse_profile_id = @__nurseProfileId_0 AND n.service_id = @__serviceId_1
      LIMIT 1
info: Microsoft.EntityFrameworkCore.Database.Command[20101]
      Executed DbCommand (44ms) [Parameters=[@__nurseProfileId_0='?' (DbType = Int32), @__serviceId_1='?' (DbType = Int32)], CommandType='Text', CommandTimeout='30']
      SELECT n.id, n.nurse_profile_id, n.price, n.service_id, n.status, n.unit
      FROM nurse_services AS n
      WHERE n.nurse_profile_id = @__nurseProfileId_0 AND n.service_id = @__serviceId_1
      LIMIT 1
info: Microsoft.EntityFrameworkCore.Database.Command[20101]
      Executed DbCommand (46ms) [Parameters=[@__nurseProfileId_0='?' (DbType = Int32), @__serviceId_1='?' (DbType = Int32)], CommandType='Text', CommandTimeout='30']
      SELECT n.id, n.nurse_profile_id, n.price, n.service_id, n.status, n.unit
      FROM nurse_services AS n
      WHERE n.nurse_profile_id = @__nurseProfileId_0 AND n.service_id = @__serviceId_1
      LIMIT 1
info: Microsoft.EntityFrameworkCore.Database.Command[20101]
      Executed DbCommand (44ms) [Parameters=[@__nurseProfileId_0='?' (DbType = Int32), @__serviceId_1='?' (DbType = Int32)], CommandType='Text', CommandTimeout='30']
      SELECT n.id, n.nurse_profile_id, n.price, n.service_id, n.status, n.unit
      FROM nurse_services AS n
      WHERE n.nurse_profile_id = @__nurseProfileId_0 AND n.service_id = @__serviceId_1
      LIMIT 1
info: Microsoft.EntityFrameworkCore.Database.Command[20101]
      Executed DbCommand (43ms) [Parameters=[@__nurseProfileId_0='?' (DbType = Int32), @__start_1='?' (DbType = DateTime), @__end_2='?' (DbType = DateTime)], CommandType='Text', CommandTimeout='30']
      SELECT a.id, a.end_time, a.nurse_profile_id, a.start_time
      FROM availability_slots AS a
      WHERE a.nurse_profile_id = @__nurseProfileId_0 AND a.start_time = @__start_1 AND a.end_time = @__end_2
      LIMIT 1
info: Microsoft.EntityFrameworkCore.Database.Command[20101]
      Executed DbCommand (52ms) [Parameters=[@__nurseProfileId_0='?' (DbType = Int32), @__start_1='?' (DbType = DateTime), @__end_2='?' (DbType = DateTime)], CommandType='Text', CommandTimeout='30']
      SELECT a.id, a.end_time, a.nurse_profile_id, a.start_time
      FROM availability_slots AS a
      WHERE a.nurse_profile_id = @__nurseProfileId_0 AND a.start_time = @__start_1 AND a.end_time = @__end_2
      LIMIT 1
info: Microsoft.EntityFrameworkCore.Database.Command[20101]
      Executed DbCommand (44ms) [Parameters=[@__normalizedEmail_0='?'], CommandType='Text', CommandTimeout='30']
      SELECT u.id, u.access_failed_count, u.avatar, u.bank_account_name, u.bank_account_number, u.bank_bin, u.concurrency_stamp, u.created_at, u.email, u.email_confirmed, u.full_name, u.lockout_enabled, u.lockout_end, u.normalized_email, u.normalized_user_name, u.password_hash, u.phone, u.phone_confirmed, u.security_stamp, u.status, u.two_factor_enabled, u.updated_at, u.user_name
      FROM users AS u
      WHERE u.normalized_email = @__normalizedEmail_0
      LIMIT 2
info: Microsoft.EntityFrameworkCore.Database.Command[20101]
      Executed DbCommand (41ms) [Parameters=[@__userId_0='?' (DbType = Int32)], CommandType='Text', CommandTimeout='30']
      SELECT r.code
      FROM user_roles AS u
      INNER JOIN roles AS r ON u.role_id = r.id
      WHERE u.user_id = @__userId_0
info: Microsoft.EntityFrameworkCore.Database.Command[20101]
      Executed DbCommand (112ms) [Parameters=[@__userId_0='?' (DbType = Int32), @__type_1='?', @__isDefault_2='?' (DbType = Boolean)], CommandType='Text', CommandTimeout='30']
      SELECT a.id, a.district, a.full_address, a.is_default, a.latitude, a.longitude, a.type, a.user_id, a.ward
      FROM addresses AS a
      WHERE a.user_id = @__userId_0 AND a.type = @__type_1 AND a.is_default = @__isDefault_2
      LIMIT 1
info: Microsoft.EntityFrameworkCore.Database.Command[20101]
      Executed DbCommand (50ms) [Parameters=[@__userId_0='?' (DbType = Int32)], CommandType='Text', CommandTimeout='30']
      SELECT n.id, n.average_rating, n.bio, n.certificates, n.confirmed_at, n.created_at, n.is_active, n.is_verified, n.rejection_reason, n.service_radius_km, n.specialization, n.updated_at, n.user_id, n.verification_submission_status, n.years_experience
      FROM nurse_profiles AS n
      WHERE n.user_id = @__userId_0
      LIMIT 1
info: Microsoft.EntityFrameworkCore.Database.Command[20101]
      Executed DbCommand (50ms) [Parameters=[@p1='?' (DbType = Int32), @p0='?' (DbType = DateTime), @p3='?' (DbType = Int32), @p2='?' (DbType = DateTime)], CommandType='Text', CommandTimeout='30']
      UPDATE documents SET updated_at = @p0
      WHERE id = @p1;
      UPDATE documents SET updated_at = @p2
      WHERE id = @p3;
info: Microsoft.EntityFrameworkCore.Database.Command[20101]
      Executed DbCommand (47ms) [Parameters=[@__nurseProfileId_0='?' (DbType = Int32), @__normalizedType_1='?'], CommandType='Text', CommandTimeout='30']
      SELECT d.id, d.created_at, d.nurse_profile_id, d.public_id, d.status, d.type, d.updated_at
      FROM documents AS d
      WHERE d.nurse_profile_id = @__nurseProfileId_0 AND d.type = @__normalizedType_1
      LIMIT 1
info: Microsoft.EntityFrameworkCore.Database.Command[20101]
      Executed DbCommand (46ms) [Parameters=[@__nurseProfileId_0='?' (DbType = Int32), @__normalizedType_1='?'], CommandType='Text', CommandTimeout='30']
      SELECT d.id, d.created_at, d.nurse_profile_id, d.public_id, d.status, d.type, d.updated_at
      FROM documents AS d
      WHERE d.nurse_profile_id = @__nurseProfileId_0 AND d.type = @__normalizedType_1
      LIMIT 1
info: Microsoft.EntityFrameworkCore.Database.Command[20101]
      Executed DbCommand (45ms) [Parameters=[@__nurseProfileId_0='?' (DbType = Int32), @__serviceId_1='?' (DbType = Int32)], CommandType='Text', CommandTimeout='30']
      SELECT n.id, n.nurse_profile_id, n.price, n.service_id, n.status, n.unit
      FROM nurse_services AS n
      WHERE n.nurse_profile_id = @__nurseProfileId_0 AND n.service_id = @__serviceId_1
      LIMIT 1
info: Microsoft.EntityFrameworkCore.Database.Command[20101]
      Executed DbCommand (45ms) [Parameters=[@__nurseProfileId_0='?' (DbType = Int32), @__serviceId_1='?' (DbType = Int32)], CommandType='Text', CommandTimeout='30']
      SELECT n.id, n.nurse_profile_id, n.price, n.service_id, n.status, n.unit
      FROM nurse_services AS n
      WHERE n.nurse_profile_id = @__nurseProfileId_0 AND n.service_id = @__serviceId_1
      LIMIT 1
info: Microsoft.EntityFrameworkCore.Database.Command[20101]
      Executed DbCommand (43ms) [Parameters=[@__nurseProfileId_0='?' (DbType = Int32), @__serviceId_1='?' (DbType = Int32)], CommandType='Text', CommandTimeout='30']
      SELECT n.id, n.nurse_profile_id, n.price, n.service_id, n.status, n.unit
      FROM nurse_services AS n
      WHERE n.nurse_profile_id = @__nurseProfileId_0 AND n.service_id = @__serviceId_1
      LIMIT 1
info: Microsoft.EntityFrameworkCore.Database.Command[20101]
      Executed DbCommand (45ms) [Parameters=[@__nurseProfileId_0='?' (DbType = Int32), @__serviceId_1='?' (DbType = Int32)], CommandType='Text', CommandTimeout='30']
      SELECT n.id, n.nurse_profile_id, n.price, n.service_id, n.status, n.unit
      FROM nurse_services AS n
      WHERE n.nurse_profile_id = @__nurseProfileId_0 AND n.service_id = @__serviceId_1
      LIMIT 1
info: Microsoft.EntityFrameworkCore.Database.Command[20101]
      Executed DbCommand (43ms) [Parameters=[@__nurseProfileId_0='?' (DbType = Int32), @__start_1='?' (DbType = DateTime), @__end_2='?' (DbType = DateTime)], CommandType='Text', CommandTimeout='30']
      SELECT a.id, a.end_time, a.nurse_profile_id, a.start_time
      FROM availability_slots AS a
      WHERE a.nurse_profile_id = @__nurseProfileId_0 AND a.start_time = @__start_1 AND a.end_time = @__end_2
      LIMIT 1
info: Microsoft.EntityFrameworkCore.Database.Command[20101]
      Executed DbCommand (45ms) [Parameters=[@__nurseProfileId_0='?' (DbType = Int32), @__start_1='?' (DbType = DateTime), @__end_2='?' (DbType = DateTime)], CommandType='Text', CommandTimeout='30']
      SELECT a.id, a.end_time, a.nurse_profile_id, a.start_time
      FROM availability_slots AS a
      WHERE a.nurse_profile_id = @__nurseProfileId_0 AND a.start_time = @__start_1 AND a.end_time = @__end_2
      LIMIT 1
info: Microsoft.EntityFrameworkCore.Database.Command[20101]
      Executed DbCommand (43ms) [Parameters=[@__normalizedEmail_0='?'], CommandType='Text', CommandTimeout='30']
      SELECT u.id, u.access_failed_count, u.avatar, u.bank_account_name, u.bank_account_number, u.bank_bin, u.concurrency_stamp, u.created_at, u.email, u.email_confirmed, u.full_name, u.lockout_enabled, u.lockout_end, u.normalized_email, u.normalized_user_name, u.password_hash, u.phone, u.phone_confirmed, u.security_stamp, u.status, u.two_factor_enabled, u.updated_at, u.user_name
      FROM users AS u
      WHERE u.normalized_email = @__normalizedEmail_0
      LIMIT 2
info: Microsoft.EntityFrameworkCore.Database.Command[20101]
      Executed DbCommand (42ms) [Parameters=[@__userId_0='?' (DbType = Int32)], CommandType='Text', CommandTimeout='30']
      SELECT r.code
      FROM user_roles AS u
      INNER JOIN roles AS r ON u.role_id = r.id
      WHERE u.user_id = @__userId_0
info: Microsoft.EntityFrameworkCore.Database.Command[20101]
      Executed DbCommand (43ms) [Parameters=[@__userId_0='?' (DbType = Int32), @__type_1='?', @__isDefault_2='?' (DbType = Boolean)], CommandType='Text', CommandTimeout='30']
      SELECT a.id, a.district, a.full_address, a.is_default, a.latitude, a.longitude, a.type, a.user_id, a.ward
      FROM addresses AS a
      WHERE a.user_id = @__userId_0 AND a.type = @__type_1 AND a.is_default = @__isDefault_2
      LIMIT 1
info: Microsoft.EntityFrameworkCore.Database.Command[20101]
      Executed DbCommand (41ms) [Parameters=[@__userId_0='?' (DbType = Int32)], CommandType='Text', CommandTimeout='30']
      SELECT n.id, n.average_rating, n.bio, n.certificates, n.confirmed_at, n.created_at, n.is_active, n.is_verified, n.rejection_reason, n.service_radius_km, n.specialization, n.updated_at, n.user_id, n.verification_submission_status, n.years_experience
      FROM nurse_profiles AS n
      WHERE n.user_id = @__userId_0
      LIMIT 1
info: Microsoft.EntityFrameworkCore.Database.Command[20101]
      Executed DbCommand (42ms) [Parameters=[@p1='?' (DbType = Int32), @p0='?' (DbType = DateTime), @p3='?' (DbType = Int32), @p2='?' (DbType = DateTime)], CommandType='Text', CommandTimeout='30']
      UPDATE documents SET updated_at = @p0
      WHERE id = @p1;
      UPDATE documents SET updated_at = @p2
      WHERE id = @p3;
info: Microsoft.EntityFrameworkCore.Database.Command[20101]
      Executed DbCommand (43ms) [Parameters=[@__nurseProfileId_0='?' (DbType = Int32), @__normalizedType_1='?'], CommandType='Text', CommandTimeout='30']
      SELECT d.id, d.created_at, d.nurse_profile_id, d.public_id, d.status, d.type, d.updated_at
      FROM documents AS d
      WHERE d.nurse_profile_id = @__nurseProfileId_0 AND d.type = @__normalizedType_1
      LIMIT 1
info: Microsoft.EntityFrameworkCore.Database.Command[20101]
      Executed DbCommand (53ms) [Parameters=[@__nurseProfileId_0='?' (DbType = Int32), @__normalizedType_1='?'], CommandType='Text', CommandTimeout='30']
      SELECT d.id, d.created_at, d.nurse_profile_id, d.public_id, d.status, d.type, d.updated_at
      FROM documents AS d
      WHERE d.nurse_profile_id = @__nurseProfileId_0 AND d.type = @__normalizedType_1
      LIMIT 1
info: Microsoft.EntityFrameworkCore.Database.Command[20101]
      Executed DbCommand (41ms) [Parameters=[@__nurseProfileId_0='?' (DbType = Int32), @__serviceId_1='?' (DbType = Int32)], CommandType='Text', CommandTimeout='30']
      SELECT n.id, n.nurse_profile_id, n.price, n.service_id, n.status, n.unit
      FROM nurse_services AS n
      WHERE n.nurse_profile_id = @__nurseProfileId_0 AND n.service_id = @__serviceId_1
      LIMIT 1
info: Microsoft.EntityFrameworkCore.Database.Command[20101]
      Executed DbCommand (42ms) [Parameters=[@__nurseProfileId_0='?' (DbType = Int32), @__serviceId_1='?' (DbType = Int32)], CommandType='Text', CommandTimeout='30']
      SELECT n.id, n.nurse_profile_id, n.price, n.service_id, n.status, n.unit
      FROM nurse_services AS n
      WHERE n.nurse_profile_id = @__nurseProfileId_0 AND n.service_id = @__serviceId_1
      LIMIT 1
info: Microsoft.EntityFrameworkCore.Database.Command[20101]
      Executed DbCommand (54ms) [Parameters=[@__nurseProfileId_0='?' (DbType = Int32), @__serviceId_1='?' (DbType = Int32)], CommandType='Text', CommandTimeout='30']
      SELECT n.id, n.nurse_profile_id, n.price, n.service_id, n.status, n.unit
      FROM nurse_services AS n
      WHERE n.nurse_profile_id = @__nurseProfileId_0 AND n.service_id = @__serviceId_1
      LIMIT 1
info: Microsoft.EntityFrameworkCore.Database.Command[20101]
      Executed DbCommand (43ms) [Parameters=[@__nurseProfileId_0='?' (DbType = Int32), @__serviceId_1='?' (DbType = Int32)], CommandType='Text', CommandTimeout='30']
      SELECT n.id, n.nurse_profile_id, n.price, n.service_id, n.status, n.unit
      FROM nurse_services AS n
      WHERE n.nurse_profile_id = @__nurseProfileId_0 AND n.service_id = @__serviceId_1
      LIMIT 1
info: Microsoft.EntityFrameworkCore.Database.Command[20101]
      Executed DbCommand (42ms) [Parameters=[@__nurseProfileId_0='?' (DbType = Int32), @__start_1='?' (DbType = DateTime), @__end_2='?' (DbType = DateTime)], CommandType='Text', CommandTimeout='30']
      SELECT a.id, a.end_time, a.nurse_profile_id, a.start_time
      FROM availability_slots AS a
      WHERE a.nurse_profile_id = @__nurseProfileId_0 AND a.start_time = @__start_1 AND a.end_time = @__end_2
      LIMIT 1
info: Microsoft.EntityFrameworkCore.Database.Command[20101]
      Executed DbCommand (45ms) [Parameters=[@__nurseProfileId_0='?' (DbType = Int32), @__start_1='?' (DbType = DateTime), @__end_2='?' (DbType = DateTime)], CommandType='Text', CommandTimeout='30']
      SELECT a.id, a.end_time, a.nurse_profile_id, a.start_time
      FROM availability_slots AS a
      WHERE a.nurse_profile_id = @__nurseProfileId_0 AND a.start_time = @__start_1 AND a.end_time = @__end_2
      LIMIT 1
info: Microsoft.EntityFrameworkCore.Database.Command[20101]
      Executed DbCommand (43ms) [Parameters=[@__normalizedEmail_0='?'], CommandType='Text', CommandTimeout='30']
      SELECT u.id, u.access_failed_count, u.avatar, u.bank_account_name, u.bank_account_number, u.bank_bin, u.concurrency_stamp, u.created_at, u.email, u.email_confirmed, u.full_name, u.lockout_enabled, u.lockout_end, u.normalized_email, u.normalized_user_name, u.password_hash, u.phone, u.phone_confirmed, u.security_stamp, u.status, u.two_factor_enabled, u.updated_at, u.user_name
      FROM users AS u
      WHERE u.normalized_email = @__normalizedEmail_0
      LIMIT 2
info: Microsoft.EntityFrameworkCore.Database.Command[20101]
      Executed DbCommand (41ms) [Parameters=[@__userId_0='?' (DbType = Int32)], CommandType='Text', CommandTimeout='30']
      SELECT r.code
      FROM user_roles AS u
      INNER JOIN roles AS r ON u.role_id = r.id
      WHERE u.user_id = @__userId_0
info: Microsoft.EntityFrameworkCore.Database.Command[20101]
      Executed DbCommand (43ms) [Parameters=[@__userId_0='?' (DbType = Int32), @__type_1='?', @__isDefault_2='?' (DbType = Boolean)], CommandType='Text', CommandTimeout='30']
      SELECT a.id, a.district, a.full_address, a.is_default, a.latitude, a.longitude, a.type, a.user_id, a.ward
      FROM addresses AS a
      WHERE a.user_id = @__userId_0 AND a.type = @__type_1 AND a.is_default = @__isDefault_2
      LIMIT 1
info: Microsoft.EntityFrameworkCore.Database.Command[20101]
      Executed DbCommand (42ms) [Parameters=[@__userId_0='?' (DbType = Int32)], CommandType='Text', CommandTimeout='30']
      SELECT n.id, n.average_rating, n.bio, n.certificates, n.confirmed_at, n.created_at, n.is_active, n.is_verified, n.rejection_reason, n.service_radius_km, n.specialization, n.updated_at, n.user_id, n.verification_submission_status, n.years_experience
      FROM nurse_profiles AS n
      WHERE n.user_id = @__userId_0
      LIMIT 1
info: Microsoft.EntityFrameworkCore.Database.Command[20101]
      Executed DbCommand (42ms) [Parameters=[@p1='?' (DbType = Int32), @p0='?' (DbType = DateTime), @p3='?' (DbType = Int32), @p2='?' (DbType = DateTime)], CommandType='Text', CommandTimeout='30']
      UPDATE documents SET updated_at = @p0
      WHERE id = @p1;
      UPDATE documents SET updated_at = @p2
      WHERE id = @p3;
info: Microsoft.EntityFrameworkCore.Database.Command[20101]
      Executed DbCommand (44ms) [Parameters=[@__nurseProfileId_0='?' (DbType = Int32), @__normalizedType_1='?'], CommandType='Text', CommandTimeout='30']
      SELECT d.id, d.created_at, d.nurse_profile_id, d.public_id, d.status, d.type, d.updated_at
      FROM documents AS d
      WHERE d.nurse_profile_id = @__nurseProfileId_0 AND d.type = @__normalizedType_1
      LIMIT 1
info: Microsoft.EntityFrameworkCore.Database.Command[20101]
      Executed DbCommand (44ms) [Parameters=[@__nurseProfileId_0='?' (DbType = Int32), @__normalizedType_1='?'], CommandType='Text', CommandTimeout='30']
      SELECT d.id, d.created_at, d.nurse_profile_id, d.public_id, d.status, d.type, d.updated_at
      FROM documents AS d
      WHERE d.nurse_profile_id = @__nurseProfileId_0 AND d.type = @__normalizedType_1
      LIMIT 1
info: Microsoft.EntityFrameworkCore.Database.Command[20101]
      Executed DbCommand (49ms) [Parameters=[@__nurseProfileId_0='?' (DbType = Int32), @__serviceId_1='?' (DbType = Int32)], CommandType='Text', CommandTimeout='30']
      SELECT n.id, n.nurse_profile_id, n.price, n.service_id, n.status, n.unit
      FROM nurse_services AS n
      WHERE n.nurse_profile_id = @__nurseProfileId_0 AND n.service_id = @__serviceId_1
      LIMIT 1
info: Microsoft.EntityFrameworkCore.Database.Command[20101]
      Executed DbCommand (41ms) [Parameters=[@__nurseProfileId_0='?' (DbType = Int32), @__serviceId_1='?' (DbType = Int32)], CommandType='Text', CommandTimeout='30']
      SELECT n.id, n.nurse_profile_id, n.price, n.service_id, n.status, n.unit
      FROM nurse_services AS n
      WHERE n.nurse_profile_id = @__nurseProfileId_0 AND n.service_id = @__serviceId_1
      LIMIT 1
info: Microsoft.EntityFrameworkCore.Database.Command[20101]
      Executed DbCommand (42ms) [Parameters=[@__nurseProfileId_0='?' (DbType = Int32), @__serviceId_1='?' (DbType = Int32)], CommandType='Text', CommandTimeout='30']
      SELECT n.id, n.nurse_profile_id, n.price, n.service_id, n.status, n.unit
      FROM nurse_services AS n
      WHERE n.nurse_profile_id = @__nurseProfileId_0 AND n.service_id = @__serviceId_1
      LIMIT 1
info: Microsoft.EntityFrameworkCore.Database.Command[20101]
      Executed DbCommand (41ms) [Parameters=[@__nurseProfileId_0='?' (DbType = Int32), @__serviceId_1='?' (DbType = Int32)], CommandType='Text', CommandTimeout='30']
      SELECT n.id, n.nurse_profile_id, n.price, n.service_id, n.status, n.unit
      FROM nurse_services AS n
      WHERE n.nurse_profile_id = @__nurseProfileId_0 AND n.service_id = @__serviceId_1
      LIMIT 1
info: Microsoft.EntityFrameworkCore.Database.Command[20101]
      Executed DbCommand (46ms) [Parameters=[@__nurseProfileId_0='?' (DbType = Int32), @__start_1='?' (DbType = DateTime), @__end_2='?' (DbType = DateTime)], CommandType='Text', CommandTimeout='30']
      SELECT a.id, a.end_time, a.nurse_profile_id, a.start_time
      FROM availability_slots AS a
      WHERE a.nurse_profile_id = @__nurseProfileId_0 AND a.start_time = @__start_1 AND a.end_time = @__end_2
      LIMIT 1
info: Microsoft.EntityFrameworkCore.Database.Command[20101]
      Executed DbCommand (43ms) [Parameters=[@__nurseProfileId_0='?' (DbType = Int32), @__start_1='?' (DbType = DateTime), @__end_2='?' (DbType = DateTime)], CommandType='Text', CommandTimeout='30']
      SELECT a.id, a.end_time, a.nurse_profile_id, a.start_time
      FROM availability_slots AS a
      WHERE a.nurse_profile_id = @__nurseProfileId_0 AND a.start_time = @__start_1 AND a.end_time = @__end_2
      LIMIT 1
info: Microsoft.EntityFrameworkCore.Database.Command[20101]
      Executed DbCommand (41ms) [Parameters=[@__normalizedEmail_0='?'], CommandType='Text', CommandTimeout='30']
      SELECT u.id, u.access_failed_count, u.avatar, u.bank_account_name, u.bank_account_number, u.bank_bin, u.concurrency_stamp, u.created_at, u.email, u.email_confirmed, u.full_name, u.lockout_enabled, u.lockout_end, u.normalized_email, u.normalized_user_name, u.password_hash, u.phone, u.phone_confirmed, u.security_stamp, u.status, u.two_factor_enabled, u.updated_at, u.user_name
      FROM users AS u
      WHERE u.normalized_email = @__normalizedEmail_0
      LIMIT 2
info: Microsoft.EntityFrameworkCore.Database.Command[20101]
      Executed DbCommand (51ms) [Parameters=[@__userId_0='?' (DbType = Int32)], CommandType='Text', CommandTimeout='30']
      SELECT r.code
      FROM user_roles AS u
      INNER JOIN roles AS r ON u.role_id = r.id
      WHERE u.user_id = @__userId_0
info: Microsoft.EntityFrameworkCore.Database.Command[20101]
      Executed DbCommand (56ms) [Parameters=[@__userId_0='?' (DbType = Int32), @__type_1='?', @__isDefault_2='?' (DbType = Boolean)], CommandType='Text', CommandTimeout='30']
      SELECT a.id, a.district, a.full_address, a.is_default, a.latitude, a.longitude, a.type, a.user_id, a.ward
      FROM addresses AS a
      WHERE a.user_id = @__userId_0 AND a.type = @__type_1 AND a.is_default = @__isDefault_2
      LIMIT 1
info: Microsoft.EntityFrameworkCore.Database.Command[20101]
      Executed DbCommand (45ms) [Parameters=[@__userId_0='?' (DbType = Int32)], CommandType='Text', CommandTimeout='30']
      SELECT n.id, n.average_rating, n.bio, n.certificates, n.confirmed_at, n.created_at, n.is_active, n.is_verified, n.rejection_reason, n.service_radius_km, n.specialization, n.updated_at, n.user_id, n.verification_submission_status, n.years_experience
      FROM nurse_profiles AS n
      WHERE n.user_id = @__userId_0
      LIMIT 1
info: Microsoft.EntityFrameworkCore.Database.Command[20101]
      Executed DbCommand (54ms) [Parameters=[@p1='?' (DbType = Int32), @p0='?' (DbType = DateTime), @p3='?' (DbType = Int32), @p2='?' (DbType = DateTime)], CommandType='Text', CommandTimeout='30']
      UPDATE documents SET updated_at = @p0
      WHERE id = @p1;
      UPDATE documents SET updated_at = @p2
      WHERE id = @p3;
info: Microsoft.EntityFrameworkCore.Database.Command[20101]
      Executed DbCommand (43ms) [Parameters=[@__nurseProfileId_0='?' (DbType = Int32), @__normalizedType_1='?'], CommandType='Text', CommandTimeout='30']
      SELECT d.id, d.created_at, d.nurse_profile_id, d.public_id, d.status, d.type, d.updated_at
      FROM documents AS d
      WHERE d.nurse_profile_id = @__nurseProfileId_0 AND d.type = @__normalizedType_1
      LIMIT 1
info: Microsoft.EntityFrameworkCore.Database.Command[20101]
      Executed DbCommand (45ms) [Parameters=[@__nurseProfileId_0='?' (DbType = Int32), @__normalizedType_1='?'], CommandType='Text', CommandTimeout='30']
      SELECT d.id, d.created_at, d.nurse_profile_id, d.public_id, d.status, d.type, d.updated_at
      FROM documents AS d
      WHERE d.nurse_profile_id = @__nurseProfileId_0 AND d.type = @__normalizedType_1
      LIMIT 1
info: Microsoft.EntityFrameworkCore.Database.Command[20101]
      Executed DbCommand (43ms) [Parameters=[@__nurseProfileId_0='?' (DbType = Int32), @__serviceId_1='?' (DbType = Int32)], CommandType='Text', CommandTimeout='30']
      SELECT n.id, n.nurse_profile_id, n.price, n.service_id, n.status, n.unit
      FROM nurse_services AS n
      WHERE n.nurse_profile_id = @__nurseProfileId_0 AND n.service_id = @__serviceId_1
      LIMIT 1
info: Microsoft.EntityFrameworkCore.Database.Command[20101]
      Executed DbCommand (43ms) [Parameters=[@__nurseProfileId_0='?' (DbType = Int32), @__serviceId_1='?' (DbType = Int32)], CommandType='Text', CommandTimeout='30']
      SELECT n.id, n.nurse_profile_id, n.price, n.service_id, n.status, n.unit
      FROM nurse_services AS n
      WHERE n.nurse_profile_id = @__nurseProfileId_0 AND n.service_id = @__serviceId_1
      LIMIT 1
info: Microsoft.EntityFrameworkCore.Database.Command[20101]
      Executed DbCommand (45ms) [Parameters=[@__nurseProfileId_0='?' (DbType = Int32), @__serviceId_1='?' (DbType = Int32)], CommandType='Text', CommandTimeout='30']
      SELECT n.id, n.nurse_profile_id, n.price, n.service_id, n.status, n.unit
      FROM nurse_services AS n
      WHERE n.nurse_profile_id = @__nurseProfileId_0 AND n.service_id = @__serviceId_1
      LIMIT 1
info: Microsoft.EntityFrameworkCore.Database.Command[20101]
      Executed DbCommand (41ms) [Parameters=[@__nurseProfileId_0='?' (DbType = Int32), @__serviceId_1='?' (DbType = Int32)], CommandType='Text', CommandTimeout='30']
      SELECT n.id, n.nurse_profile_id, n.price, n.service_id, n.status, n.unit
      FROM nurse_services AS n
      WHERE n.nurse_profile_id = @__nurseProfileId_0 AND n.service_id = @__serviceId_1
      LIMIT 1
info: Microsoft.EntityFrameworkCore.Database.Command[20101]
      Executed DbCommand (41ms) [Parameters=[@__nurseProfileId_0='?' (DbType = Int32), @__start_1='?' (DbType = DateTime), @__end_2='?' (DbType = DateTime)], CommandType='Text', CommandTimeout='30']
      SELECT a.id, a.end_time, a.nurse_profile_id, a.start_time
      FROM availability_slots AS a
      WHERE a.nurse_profile_id = @__nurseProfileId_0 AND a.start_time = @__start_1 AND a.end_time = @__end_2
      LIMIT 1
info: Microsoft.EntityFrameworkCore.Database.Command[20101]
      Executed DbCommand (42ms) [Parameters=[@__nurseProfileId_0='?' (DbType = Int32), @__start_1='?' (DbType = DateTime), @__end_2='?' (DbType = DateTime)], CommandType='Text', CommandTimeout='30']
      SELECT a.id, a.end_time, a.nurse_profile_id, a.start_time
      FROM availability_slots AS a
      WHERE a.nurse_profile_id = @__nurseProfileId_0 AND a.start_time = @__start_1 AND a.end_time = @__end_2
      LIMIT 1
info: Microsoft.EntityFrameworkCore.Database.Command[20101]
      Executed DbCommand (42ms) [Parameters=[@__normalizedEmail_0='?'], CommandType='Text', CommandTimeout='30']
      SELECT u.id, u.access_failed_count, u.avatar, u.bank_account_name, u.bank_account_number, u.bank_bin, u.concurrency_stamp, u.created_at, u.email, u.email_confirmed, u.full_name, u.lockout_enabled, u.lockout_end, u.normalized_email, u.normalized_user_name, u.password_hash, u.phone, u.phone_confirmed, u.security_stamp, u.status, u.two_factor_enabled, u.updated_at, u.user_name
      FROM users AS u
      WHERE u.normalized_email = @__normalizedEmail_0
      LIMIT 2
info: Microsoft.EntityFrameworkCore.Database.Command[20101]
      Executed DbCommand (45ms) [Parameters=[@__userId_0='?' (DbType = Int32)], CommandType='Text', CommandTimeout='30']
      SELECT r.code
      FROM user_roles AS u
      INNER JOIN roles AS r ON u.role_id = r.id
      WHERE u.user_id = @__userId_0
info: Microsoft.EntityFrameworkCore.Database.Command[20101]
      Executed DbCommand (42ms) [Parameters=[@__userId_0='?' (DbType = Int32), @__type_1='?', @__isDefault_2='?' (DbType = Boolean)], CommandType='Text', CommandTimeout='30']
      SELECT a.id, a.district, a.full_address, a.is_default, a.latitude, a.longitude, a.type, a.user_id, a.ward
      FROM addresses AS a
      WHERE a.user_id = @__userId_0 AND a.type = @__type_1 AND a.is_default = @__isDefault_2
      LIMIT 1
info: Microsoft.EntityFrameworkCore.Database.Command[20101]
      Executed DbCommand (47ms) [Parameters=[@__userId_0='?' (DbType = Int32)], CommandType='Text', CommandTimeout='30']
      SELECT n.id, n.average_rating, n.bio, n.certificates, n.confirmed_at, n.created_at, n.is_active, n.is_verified, n.rejection_reason, n.service_radius_km, n.specialization, n.updated_at, n.user_id, n.verification_submission_status, n.years_experience
      FROM nurse_profiles AS n
      WHERE n.user_id = @__userId_0
      LIMIT 1
info: Microsoft.EntityFrameworkCore.Database.Command[20101]
      Executed DbCommand (45ms) [Parameters=[@p1='?' (DbType = Int32), @p0='?' (DbType = DateTime), @p3='?' (DbType = Int32), @p2='?' (DbType = DateTime)], CommandType='Text', CommandTimeout='30']
      UPDATE documents SET updated_at = @p0
      WHERE id = @p1;
      UPDATE documents SET updated_at = @p2
      WHERE id = @p3;
info: Microsoft.EntityFrameworkCore.Database.Command[20101]
      Executed DbCommand (45ms) [Parameters=[@__nurseProfileId_0='?' (DbType = Int32), @__normalizedType_1='?'], CommandType='Text', CommandTimeout='30']
      SELECT d.id, d.created_at, d.nurse_profile_id, d.public_id, d.status, d.type, d.updated_at
      FROM documents AS d
      WHERE d.nurse_profile_id = @__nurseProfileId_0 AND d.type = @__normalizedType_1
      LIMIT 1
info: Microsoft.EntityFrameworkCore.Database.Command[20101]
      Executed DbCommand (42ms) [Parameters=[@__nurseProfileId_0='?' (DbType = Int32), @__normalizedType_1='?'], CommandType='Text', CommandTimeout='30']
      SELECT d.id, d.created_at, d.nurse_profile_id, d.public_id, d.status, d.type, d.updated_at
      FROM documents AS d
      WHERE d.nurse_profile_id = @__nurseProfileId_0 AND d.type = @__normalizedType_1
      LIMIT 1
info: Microsoft.EntityFrameworkCore.Database.Command[20101]
      Executed DbCommand (46ms) [Parameters=[@__nurseProfileId_0='?' (DbType = Int32), @__serviceId_1='?' (DbType = Int32)], CommandType='Text', CommandTimeout='30']
      SELECT n.id, n.nurse_profile_id, n.price, n.service_id, n.status, n.unit
      FROM nurse_services AS n
      WHERE n.nurse_profile_id = @__nurseProfileId_0 AND n.service_id = @__serviceId_1
      LIMIT 1
info: Microsoft.EntityFrameworkCore.Database.Command[20101]
      Executed DbCommand (42ms) [Parameters=[@__nurseProfileId_0='?' (DbType = Int32), @__serviceId_1='?' (DbType = Int32)], CommandType='Text', CommandTimeout='30']
      SELECT n.id, n.nurse_profile_id, n.price, n.service_id, n.status, n.unit
      FROM nurse_services AS n
      WHERE n.nurse_profile_id = @__nurseProfileId_0 AND n.service_id = @__serviceId_1
      LIMIT 1
info: Microsoft.EntityFrameworkCore.Database.Command[20101]
      Executed DbCommand (49ms) [Parameters=[@__nurseProfileId_0='?' (DbType = Int32), @__serviceId_1='?' (DbType = Int32)], CommandType='Text', CommandTimeout='30']
      SELECT n.id, n.nurse_profile_id, n.price, n.service_id, n.status, n.unit
      FROM nurse_services AS n
      WHERE n.nurse_profile_id = @__nurseProfileId_0 AND n.service_id = @__serviceId_1
      LIMIT 1
info: Microsoft.EntityFrameworkCore.Database.Command[20101]
      Executed DbCommand (42ms) [Parameters=[@__nurseProfileId_0='?' (DbType = Int32), @__serviceId_1='?' (DbType = Int32)], CommandType='Text', CommandTimeout='30']
      SELECT n.id, n.nurse_profile_id, n.price, n.service_id, n.status, n.unit
      FROM nurse_services AS n
      WHERE n.nurse_profile_id = @__nurseProfileId_0 AND n.service_id = @__serviceId_1
      LIMIT 1
info: Microsoft.EntityFrameworkCore.Database.Command[20101]
      Executed DbCommand (45ms) [Parameters=[@__nurseProfileId_0='?' (DbType = Int32), @__start_1='?' (DbType = DateTime), @__end_2='?' (DbType = DateTime)], CommandType='Text', CommandTimeout='30']
      SELECT a.id, a.end_time, a.nurse_profile_id, a.start_time
      FROM availability_slots AS a
      WHERE a.nurse_profile_id = @__nurseProfileId_0 AND a.start_time = @__start_1 AND a.end_time = @__end_2
      LIMIT 1
info: Microsoft.EntityFrameworkCore.Database.Command[20101]
      Executed DbCommand (43ms) [Parameters=[@__nurseProfileId_0='?' (DbType = Int32), @__start_1='?' (DbType = DateTime), @__end_2='?' (DbType = DateTime)], CommandType='Text', CommandTimeout='30']
      SELECT a.id, a.end_time, a.nurse_profile_id, a.start_time
      FROM availability_slots AS a
      WHERE a.nurse_profile_id = @__nurseProfileId_0 AND a.start_time = @__start_1 AND a.end_time = @__end_2
      LIMIT 1
info: Microsoft.EntityFrameworkCore.Database.Command[20101]
      Executed DbCommand (41ms) [Parameters=[@__normalizedEmail_0='?'], CommandType='Text', CommandTimeout='30']
      SELECT u.id, u.access_failed_count, u.avatar, u.bank_account_name, u.bank_account_number, u.bank_bin, u.concurrency_stamp, u.created_at, u.email, u.email_confirmed, u.full_name, u.lockout_enabled, u.lockout_end, u.normalized_email, u.normalized_user_name, u.password_hash, u.phone, u.phone_confirmed, u.security_stamp, u.status, u.two_factor_enabled, u.updated_at, u.user_name
      FROM users AS u
      WHERE u.normalized_email = @__normalizedEmail_0
      LIMIT 2
info: Microsoft.EntityFrameworkCore.Database.Command[20101]
      Executed DbCommand (44ms) [Parameters=[@__userId_0='?' (DbType = Int32)], CommandType='Text', CommandTimeout='30']
      SELECT r.code
      FROM user_roles AS u
      INNER JOIN roles AS r ON u.role_id = r.id
      WHERE u.user_id = @__userId_0
info: Microsoft.EntityFrameworkCore.Database.Command[20101]
      Executed DbCommand (42ms) [Parameters=[@__userId_0='?' (DbType = Int32), @__type_1='?', @__isDefault_2='?' (DbType = Boolean)], CommandType='Text', CommandTimeout='30']
      SELECT a.id, a.district, a.full_address, a.is_default, a.latitude, a.longitude, a.type, a.user_id, a.ward
      FROM addresses AS a
      WHERE a.user_id = @__userId_0 AND a.type = @__type_1 AND a.is_default = @__isDefault_2
      LIMIT 1
info: Microsoft.EntityFrameworkCore.Database.Command[20101]
      Executed DbCommand (47ms) [Parameters=[@__userId_0='?' (DbType = Int32)], CommandType='Text', CommandTimeout='30']
      SELECT n.id, n.average_rating, n.bio, n.certificates, n.confirmed_at, n.created_at, n.is_active, n.is_verified, n.rejection_reason, n.service_radius_km, n.specialization, n.updated_at, n.user_id, n.verification_submission_status, n.years_experience
      FROM nurse_profiles AS n
      WHERE n.user_id = @__userId_0
      LIMIT 1
info: Microsoft.EntityFrameworkCore.Database.Command[20101]
      Executed DbCommand (48ms) [Parameters=[@p1='?' (DbType = Int32), @p0='?' (DbType = DateTime), @p3='?' (DbType = Int32), @p2='?' (DbType = DateTime)], CommandType='Text', CommandTimeout='30']
      UPDATE documents SET updated_at = @p0
      WHERE id = @p1;
      UPDATE documents SET updated_at = @p2
      WHERE id = @p3;
info: Microsoft.EntityFrameworkCore.Database.Command[20101]
      Executed DbCommand (46ms) [Parameters=[@__nurseProfileId_0='?' (DbType = Int32), @__normalizedType_1='?'], CommandType='Text', CommandTimeout='30']
      SELECT d.id, d.created_at, d.nurse_profile_id, d.public_id, d.status, d.type, d.updated_at
      FROM documents AS d
      WHERE d.nurse_profile_id = @__nurseProfileId_0 AND d.type = @__normalizedType_1
      LIMIT 1
info: Microsoft.EntityFrameworkCore.Database.Command[20101]
      Executed DbCommand (46ms) [Parameters=[@__nurseProfileId_0='?' (DbType = Int32), @__normalizedType_1='?'], CommandType='Text', CommandTimeout='30']
      SELECT d.id, d.created_at, d.nurse_profile_id, d.public_id, d.status, d.type, d.updated_at
      FROM documents AS d
      WHERE d.nurse_profile_id = @__nurseProfileId_0 AND d.type = @__normalizedType_1
      LIMIT 1
info: Microsoft.EntityFrameworkCore.Database.Command[20101]
      Executed DbCommand (43ms) [Parameters=[@__nurseProfileId_0='?' (DbType = Int32), @__serviceId_1='?' (DbType = Int32)], CommandType='Text', CommandTimeout='30']
      SELECT n.id, n.nurse_profile_id, n.price, n.service_id, n.status, n.unit
      FROM nurse_services AS n
      WHERE n.nurse_profile_id = @__nurseProfileId_0 AND n.service_id = @__serviceId_1
      LIMIT 1
info: Microsoft.EntityFrameworkCore.Database.Command[20101]
      Executed DbCommand (41ms) [Parameters=[@__nurseProfileId_0='?' (DbType = Int32), @__serviceId_1='?' (DbType = Int32)], CommandType='Text', CommandTimeout='30']
      SELECT n.id, n.nurse_profile_id, n.price, n.service_id, n.status, n.unit
      FROM nurse_services AS n
      WHERE n.nurse_profile_id = @__nurseProfileId_0 AND n.service_id = @__serviceId_1
      LIMIT 1
info: Microsoft.EntityFrameworkCore.Database.Command[20101]
      Executed DbCommand (43ms) [Parameters=[@__nurseProfileId_0='?' (DbType = Int32), @__serviceId_1='?' (DbType = Int32)], CommandType='Text', CommandTimeout='30']
      SELECT n.id, n.nurse_profile_id, n.price, n.service_id, n.status, n.unit
      FROM nurse_services AS n
      WHERE n.nurse_profile_id = @__nurseProfileId_0 AND n.service_id = @__serviceId_1
      LIMIT 1
info: Microsoft.EntityFrameworkCore.Database.Command[20101]
      Executed DbCommand (44ms) [Parameters=[@__nurseProfileId_0='?' (DbType = Int32), @__serviceId_1='?' (DbType = Int32)], CommandType='Text', CommandTimeout='30']
      SELECT n.id, n.nurse_profile_id, n.price, n.service_id, n.status, n.unit
      FROM nurse_services AS n
      WHERE n.nurse_profile_id = @__nurseProfileId_0 AND n.service_id = @__serviceId_1
      LIMIT 1
info: Microsoft.EntityFrameworkCore.Database.Command[20101]
      Executed DbCommand (41ms) [Parameters=[@__nurseProfileId_0='?' (DbType = Int32), @__start_1='?' (DbType = DateTime), @__end_2='?' (DbType = DateTime)], CommandType='Text', CommandTimeout='30']
      SELECT a.id, a.end_time, a.nurse_profile_id, a.start_time
      FROM availability_slots AS a
      WHERE a.nurse_profile_id = @__nurseProfileId_0 AND a.start_time = @__start_1 AND a.end_time = @__end_2
      LIMIT 1
info: Microsoft.EntityFrameworkCore.Database.Command[20101]
      Executed DbCommand (43ms) [Parameters=[@__nurseProfileId_0='?' (DbType = Int32), @__start_1='?' (DbType = DateTime), @__end_2='?' (DbType = DateTime)], CommandType='Text', CommandTimeout='30']
      SELECT a.id, a.end_time, a.nurse_profile_id, a.start_time
      FROM availability_slots AS a
      WHERE a.nurse_profile_id = @__nurseProfileId_0 AND a.start_time = @__start_1 AND a.end_time = @__end_2
      LIMIT 1
info: Microsoft.EntityFrameworkCore.Database.Command[20101]
      Executed DbCommand (44ms) [Parameters=[@__normalizedEmail_0='?'], CommandType='Text', CommandTimeout='30']
      SELECT u.id, u.access_failed_count, u.avatar, u.bank_account_name, u.bank_account_number, u.bank_bin, u.concurrency_stamp, u.created_at, u.email, u.email_confirmed, u.full_name, u.lockout_enabled, u.lockout_end, u.normalized_email, u.normalized_user_name, u.password_hash, u.phone, u.phone_confirmed, u.security_stamp, u.status, u.two_factor_enabled, u.updated_at, u.user_name
      FROM users AS u
      WHERE u.normalized_email = @__normalizedEmail_0
      LIMIT 2
info: Microsoft.EntityFrameworkCore.Database.Command[20101]
      Executed DbCommand (46ms) [Parameters=[@__userId_0='?' (DbType = Int32)], CommandType='Text', CommandTimeout='30']
      SELECT r.code
      FROM user_roles AS u
      INNER JOIN roles AS r ON u.role_id = r.id
      WHERE u.user_id = @__userId_0
info: Microsoft.EntityFrameworkCore.Database.Command[20101]
      Executed DbCommand (45ms) [Parameters=[@__userId_0='?' (DbType = Int32), @__type_1='?', @__isDefault_2='?' (DbType = Boolean)], CommandType='Text', CommandTimeout='30']
      SELECT a.id, a.district, a.full_address, a.is_default, a.latitude, a.longitude, a.type, a.user_id, a.ward
      FROM addresses AS a
      WHERE a.user_id = @__userId_0 AND a.type = @__type_1 AND a.is_default = @__isDefault_2
      LIMIT 1
info: Microsoft.EntityFrameworkCore.Database.Command[20101]
      Executed DbCommand (51ms) [Parameters=[@__userId_0='?' (DbType = Int32)], CommandType='Text', CommandTimeout='30']
      SELECT n.id, n.average_rating, n.bio, n.certificates, n.confirmed_at, n.created_at, n.is_active, n.is_verified, n.rejection_reason, n.service_radius_km, n.specialization, n.updated_at, n.user_id, n.verification_submission_status, n.years_experience
      FROM nurse_profiles AS n
      WHERE n.user_id = @__userId_0
      LIMIT 1
info: Microsoft.EntityFrameworkCore.Database.Command[20101]
      Executed DbCommand (41ms) [Parameters=[@p1='?' (DbType = Int32), @p0='?' (DbType = DateTime), @p3='?' (DbType = Int32), @p2='?' (DbType = DateTime)], CommandType='Text', CommandTimeout='30']
      UPDATE documents SET updated_at = @p0
      WHERE id = @p1;
      UPDATE documents SET updated_at = @p2
      WHERE id = @p3;
info: Microsoft.EntityFrameworkCore.Database.Command[20101]
      Executed DbCommand (45ms) [Parameters=[@__nurseProfileId_0='?' (DbType = Int32), @__normalizedType_1='?'], CommandType='Text', CommandTimeout='30']
      SELECT d.id, d.created_at, d.nurse_profile_id, d.public_id, d.status, d.type, d.updated_at
      FROM documents AS d
      WHERE d.nurse_profile_id = @__nurseProfileId_0 AND d.type = @__normalizedType_1
      LIMIT 1
info: Microsoft.EntityFrameworkCore.Database.Command[20101]
      Executed DbCommand (48ms) [Parameters=[@__nurseProfileId_0='?' (DbType = Int32), @__normalizedType_1='?'], CommandType='Text', CommandTimeout='30']
      SELECT d.id, d.created_at, d.nurse_profile_id, d.public_id, d.status, d.type, d.updated_at
      FROM documents AS d
      WHERE d.nurse_profile_id = @__nurseProfileId_0 AND d.type = @__normalizedType_1
      LIMIT 1
info: Microsoft.EntityFrameworkCore.Database.Command[20101]
      Executed DbCommand (44ms) [Parameters=[@__nurseProfileId_0='?' (DbType = Int32), @__serviceId_1='?' (DbType = Int32)], CommandType='Text', CommandTimeout='30']
      SELECT n.id, n.nurse_profile_id, n.price, n.service_id, n.status, n.unit
      FROM nurse_services AS n
      WHERE n.nurse_profile_id = @__nurseProfileId_0 AND n.service_id = @__serviceId_1
      LIMIT 1
info: Microsoft.EntityFrameworkCore.Database.Command[20101]
      Executed DbCommand (43ms) [Parameters=[@__nurseProfileId_0='?' (DbType = Int32), @__serviceId_1='?' (DbType = Int32)], CommandType='Text', CommandTimeout='30']
      SELECT n.id, n.nurse_profile_id, n.price, n.service_id, n.status, n.unit
      FROM nurse_services AS n
      WHERE n.nurse_profile_id = @__nurseProfileId_0 AND n.service_id = @__serviceId_1
      LIMIT 1
info: Microsoft.EntityFrameworkCore.Database.Command[20101]
      Executed DbCommand (45ms) [Parameters=[@__nurseProfileId_0='?' (DbType = Int32), @__serviceId_1='?' (DbType = Int32)], CommandType='Text', CommandTimeout='30']
      SELECT n.id, n.nurse_profile_id, n.price, n.service_id, n.status, n.unit
      FROM nurse_services AS n
      WHERE n.nurse_profile_id = @__nurseProfileId_0 AND n.service_id = @__serviceId_1
      LIMIT 1
info: Microsoft.EntityFrameworkCore.Database.Command[20101]
      Executed DbCommand (44ms) [Parameters=[@__nurseProfileId_0='?' (DbType = Int32), @__serviceId_1='?' (DbType = Int32)], CommandType='Text', CommandTimeout='30']
      SELECT n.id, n.nurse_profile_id, n.price, n.service_id, n.status, n.unit
      FROM nurse_services AS n
      WHERE n.nurse_profile_id = @__nurseProfileId_0 AND n.service_id = @__serviceId_1
      LIMIT 1
info: Microsoft.EntityFrameworkCore.Database.Command[20101]
      Executed DbCommand (42ms) [Parameters=[@__nurseProfileId_0='?' (DbType = Int32), @__start_1='?' (DbType = DateTime), @__end_2='?' (DbType = DateTime)], CommandType='Text', CommandTimeout='30']
      SELECT a.id, a.end_time, a.nurse_profile_id, a.start_time
      FROM availability_slots AS a
      WHERE a.nurse_profile_id = @__nurseProfileId_0 AND a.start_time = @__start_1 AND a.end_time = @__end_2
      LIMIT 1
info: Microsoft.EntityFrameworkCore.Database.Command[20101]
      Executed DbCommand (45ms) [Parameters=[@__nurseProfileId_0='?' (DbType = Int32), @__start_1='?' (DbType = DateTime), @__end_2='?' (DbType = DateTime)], CommandType='Text', CommandTimeout='30']
      SELECT a.id, a.end_time, a.nurse_profile_id, a.start_time
      FROM availability_slots AS a
      WHERE a.nurse_profile_id = @__nurseProfileId_0 AND a.start_time = @__start_1 AND a.end_time = @__end_2
      LIMIT 1
info: Microsoft.EntityFrameworkCore.Database.Command[20101]
      Executed DbCommand (43ms) [Parameters=[@__normalizedEmail_0='?'], CommandType='Text', CommandTimeout='30']
      SELECT u.id, u.access_failed_count, u.avatar, u.bank_account_name, u.bank_account_number, u.bank_bin, u.concurrency_stamp, u.created_at, u.email, u.email_confirmed, u.full_name, u.lockout_enabled, u.lockout_end, u.normalized_email, u.normalized_user_name, u.password_hash, u.phone, u.phone_confirmed, u.security_stamp, u.status, u.two_factor_enabled, u.updated_at, u.user_name
      FROM users AS u
      WHERE u.normalized_email = @__normalizedEmail_0
      LIMIT 2
info: Microsoft.EntityFrameworkCore.Database.Command[20101]
      Executed DbCommand (43ms) [Parameters=[@__userId_0='?' (DbType = Int32)], CommandType='Text', CommandTimeout='30']
      SELECT r.code
      FROM user_roles AS u
      INNER JOIN roles AS r ON u.role_id = r.id
      WHERE u.user_id = @__userId_0
info: Microsoft.EntityFrameworkCore.Database.Command[20101]
      Executed DbCommand (44ms) [Parameters=[@__userId_0='?' (DbType = Int32), @__type_1='?', @__isDefault_2='?' (DbType = Boolean)], CommandType='Text', CommandTimeout='30']
      SELECT a.id, a.district, a.full_address, a.is_default, a.latitude, a.longitude, a.type, a.user_id, a.ward
      FROM addresses AS a
      WHERE a.user_id = @__userId_0 AND a.type = @__type_1 AND a.is_default = @__isDefault_2
      LIMIT 1
info: Microsoft.EntityFrameworkCore.Database.Command[20101]
      Executed DbCommand (45ms) [Parameters=[@__userId_0='?' (DbType = Int32)], CommandType='Text', CommandTimeout='30']
      SELECT n.id, n.average_rating, n.bio, n.certificates, n.confirmed_at, n.created_at, n.is_active, n.is_verified, n.rejection_reason, n.service_radius_km, n.specialization, n.updated_at, n.user_id, n.verification_submission_status, n.years_experience
      FROM nurse_profiles AS n
      WHERE n.user_id = @__userId_0
      LIMIT 1
info: Microsoft.EntityFrameworkCore.Database.Command[20101]
      Executed DbCommand (42ms) [Parameters=[@p1='?' (DbType = Int32), @p0='?' (DbType = DateTime), @p3='?' (DbType = Int32), @p2='?' (DbType = DateTime)], CommandType='Text', CommandTimeout='30']
      UPDATE documents SET updated_at = @p0
      WHERE id = @p1;
      UPDATE documents SET updated_at = @p2
      WHERE id = @p3;
info: Microsoft.EntityFrameworkCore.Database.Command[20101]
      Executed DbCommand (42ms) [Parameters=[@__nurseProfileId_0='?' (DbType = Int32), @__normalizedType_1='?'], CommandType='Text', CommandTimeout='30']
      SELECT d.id, d.created_at, d.nurse_profile_id, d.public_id, d.status, d.type, d.updated_at
      FROM documents AS d
      WHERE d.nurse_profile_id = @__nurseProfileId_0 AND d.type = @__normalizedType_1
      LIMIT 1
info: Microsoft.EntityFrameworkCore.Database.Command[20101]
      Executed DbCommand (42ms) [Parameters=[@__nurseProfileId_0='?' (DbType = Int32), @__normalizedType_1='?'], CommandType='Text', CommandTimeout='30']
      SELECT d.id, d.created_at, d.nurse_profile_id, d.public_id, d.status, d.type, d.updated_at
      FROM documents AS d
      WHERE d.nurse_profile_id = @__nurseProfileId_0 AND d.type = @__normalizedType_1
      LIMIT 1
info: Microsoft.EntityFrameworkCore.Database.Command[20101]
      Executed DbCommand (47ms) [Parameters=[@__nurseProfileId_0='?' (DbType = Int32), @__serviceId_1='?' (DbType = Int32)], CommandType='Text', CommandTimeout='30']
      SELECT n.id, n.nurse_profile_id, n.price, n.service_id, n.status, n.unit
      FROM nurse_services AS n
      WHERE n.nurse_profile_id = @__nurseProfileId_0 AND n.service_id = @__serviceId_1
      LIMIT 1
info: Microsoft.EntityFrameworkCore.Database.Command[20101]
      Executed DbCommand (46ms) [Parameters=[@__nurseProfileId_0='?' (DbType = Int32), @__serviceId_1='?' (DbType = Int32)], CommandType='Text', CommandTimeout='30']
      SELECT n.id, n.nurse_profile_id, n.price, n.service_id, n.status, n.unit
      FROM nurse_services AS n
      WHERE n.nurse_profile_id = @__nurseProfileId_0 AND n.service_id = @__serviceId_1
      LIMIT 1
info: Microsoft.EntityFrameworkCore.Database.Command[20101]
      Executed DbCommand (43ms) [Parameters=[@__nurseProfileId_0='?' (DbType = Int32), @__serviceId_1='?' (DbType = Int32)], CommandType='Text', CommandTimeout='30']
      SELECT n.id, n.nurse_profile_id, n.price, n.service_id, n.status, n.unit
      FROM nurse_services AS n
      WHERE n.nurse_profile_id = @__nurseProfileId_0 AND n.service_id = @__serviceId_1
      LIMIT 1
info: Microsoft.EntityFrameworkCore.Database.Command[20101]
      Executed DbCommand (41ms) [Parameters=[@__nurseProfileId_0='?' (DbType = Int32), @__serviceId_1='?' (DbType = Int32)], CommandType='Text', CommandTimeout='30']
      SELECT n.id, n.nurse_profile_id, n.price, n.service_id, n.status, n.unit
      FROM nurse_services AS n
      WHERE n.nurse_profile_id = @__nurseProfileId_0 AND n.service_id = @__serviceId_1
      LIMIT 1
info: Microsoft.EntityFrameworkCore.Database.Command[20101]
      Executed DbCommand (42ms) [Parameters=[@__nurseProfileId_0='?' (DbType = Int32), @__start_1='?' (DbType = DateTime), @__end_2='?' (DbType = DateTime)], CommandType='Text', CommandTimeout='30']
      SELECT a.id, a.end_time, a.nurse_profile_id, a.start_time
      FROM availability_slots AS a
      WHERE a.nurse_profile_id = @__nurseProfileId_0 AND a.start_time = @__start_1 AND a.end_time = @__end_2
      LIMIT 1
info: Microsoft.EntityFrameworkCore.Database.Command[20101]
      Executed DbCommand (40ms) [Parameters=[@__nurseProfileId_0='?' (DbType = Int32), @__start_1='?' (DbType = DateTime), @__end_2='?' (DbType = DateTime)], CommandType='Text', CommandTimeout='30']
      SELECT a.id, a.end_time, a.nurse_profile_id, a.start_time
      FROM availability_slots AS a
      WHERE a.nurse_profile_id = @__nurseProfileId_0 AND a.start_time = @__start_1 AND a.end_time = @__end_2
      LIMIT 1
info: Microsoft.EntityFrameworkCore.Database.Command[20101]
      Executed DbCommand (43ms) [Parameters=[@__normalizedEmail_0='?'], CommandType='Text', CommandTimeout='30']
      SELECT u.id, u.access_failed_count, u.avatar, u.bank_account_name, u.bank_account_number, u.bank_bin, u.concurrency_stamp, u.created_at, u.email, u.email_confirmed, u.full_name, u.lockout_enabled, u.lockout_end, u.normalized_email, u.normalized_user_name, u.password_hash, u.phone, u.phone_confirmed, u.security_stamp, u.status, u.two_factor_enabled, u.updated_at, u.user_name
      FROM users AS u
      WHERE u.normalized_email = @__normalizedEmail_0
      LIMIT 2
info: Microsoft.EntityFrameworkCore.Database.Command[20101]
      Executed DbCommand (40ms) [Parameters=[@__userId_0='?' (DbType = Int32)], CommandType='Text', CommandTimeout='30']
      SELECT r.code
      FROM user_roles AS u
      INNER JOIN roles AS r ON u.role_id = r.id
      WHERE u.user_id = @__userId_0
info: Microsoft.EntityFrameworkCore.Database.Command[20101]
      Executed DbCommand (41ms) [Parameters=[@__userId_0='?' (DbType = Int32), @__type_1='?', @__isDefault_2='?' (DbType = Boolean)], CommandType='Text', CommandTimeout='30']
      SELECT a.id, a.district, a.full_address, a.is_default, a.latitude, a.longitude, a.type, a.user_id, a.ward
      FROM addresses AS a
      WHERE a.user_id = @__userId_0 AND a.type = @__type_1 AND a.is_default = @__isDefault_2
      LIMIT 1
info: Microsoft.EntityFrameworkCore.Database.Command[20101]
      Executed DbCommand (42ms) [Parameters=[@__userId_0='?' (DbType = Int32)], CommandType='Text', CommandTimeout='30']
      SELECT n.id, n.average_rating, n.bio, n.certificates, n.confirmed_at, n.created_at, n.is_active, n.is_verified, n.rejection_reason, n.service_radius_km, n.specialization, n.updated_at, n.user_id, n.verification_submission_status, n.years_experience
      FROM nurse_profiles AS n
      WHERE n.user_id = @__userId_0
      LIMIT 1
info: Microsoft.EntityFrameworkCore.Database.Command[20101]
      Executed DbCommand (42ms) [Parameters=[@p1='?' (DbType = Int32), @p0='?' (DbType = DateTime), @p3='?' (DbType = Int32), @p2='?' (DbType = DateTime)], CommandType='Text', CommandTimeout='30']
      UPDATE documents SET updated_at = @p0
      WHERE id = @p1;
      UPDATE documents SET updated_at = @p2
      WHERE id = @p3;
info: Microsoft.EntityFrameworkCore.Database.Command[20101]
      Executed DbCommand (42ms) [Parameters=[@__nurseProfileId_0='?' (DbType = Int32), @__normalizedType_1='?'], CommandType='Text', CommandTimeout='30']
      SELECT d.id, d.created_at, d.nurse_profile_id, d.public_id, d.status, d.type, d.updated_at
      FROM documents AS d
      WHERE d.nurse_profile_id = @__nurseProfileId_0 AND d.type = @__normalizedType_1
      LIMIT 1
info: Microsoft.EntityFrameworkCore.Database.Command[20101]
      Executed DbCommand (43ms) [Parameters=[@__nurseProfileId_0='?' (DbType = Int32), @__normalizedType_1='?'], CommandType='Text', CommandTimeout='30']
      SELECT d.id, d.created_at, d.nurse_profile_id, d.public_id, d.status, d.type, d.updated_at
      FROM documents AS d
      WHERE d.nurse_profile_id = @__nurseProfileId_0 AND d.type = @__normalizedType_1
      LIMIT 1
info: Microsoft.EntityFrameworkCore.Database.Command[20101]
      Executed DbCommand (46ms) [Parameters=[@__nurseProfileId_0='?' (DbType = Int32), @__serviceId_1='?' (DbType = Int32)], CommandType='Text', CommandTimeout='30']
      SELECT n.id, n.nurse_profile_id, n.price, n.service_id, n.status, n.unit
      FROM nurse_services AS n
      WHERE n.nurse_profile_id = @__nurseProfileId_0 AND n.service_id = @__serviceId_1
      LIMIT 1
info: Microsoft.EntityFrameworkCore.Database.Command[20101]
      Executed DbCommand (41ms) [Parameters=[@__nurseProfileId_0='?' (DbType = Int32), @__serviceId_1='?' (DbType = Int32)], CommandType='Text', CommandTimeout='30']
      SELECT n.id, n.nurse_profile_id, n.price, n.service_id, n.status, n.unit
      FROM nurse_services AS n
      WHERE n.nurse_profile_id = @__nurseProfileId_0 AND n.service_id = @__serviceId_1
      LIMIT 1
info: Microsoft.EntityFrameworkCore.Database.Command[20101]
      Executed DbCommand (45ms) [Parameters=[@__nurseProfileId_0='?' (DbType = Int32), @__serviceId_1='?' (DbType = Int32)], CommandType='Text', CommandTimeout='30']
      SELECT n.id, n.nurse_profile_id, n.price, n.service_id, n.status, n.unit
      FROM nurse_services AS n
      WHERE n.nurse_profile_id = @__nurseProfileId_0 AND n.service_id = @__serviceId_1
      LIMIT 1
info: Microsoft.EntityFrameworkCore.Database.Command[20101]
      Executed DbCommand (45ms) [Parameters=[@__nurseProfileId_0='?' (DbType = Int32), @__serviceId_1='?' (DbType = Int32)], CommandType='Text', CommandTimeout='30']
      SELECT n.id, n.nurse_profile_id, n.price, n.service_id, n.status, n.unit
      FROM nurse_services AS n
      WHERE n.nurse_profile_id = @__nurseProfileId_0 AND n.service_id = @__serviceId_1
      LIMIT 1
info: Microsoft.EntityFrameworkCore.Database.Command[20101]
      Executed DbCommand (44ms) [Parameters=[@__nurseProfileId_0='?' (DbType = Int32), @__start_1='?' (DbType = DateTime), @__end_2='?' (DbType = DateTime)], CommandType='Text', CommandTimeout='30']
      SELECT a.id, a.end_time, a.nurse_profile_id, a.start_time
      FROM availability_slots AS a
      WHERE a.nurse_profile_id = @__nurseProfileId_0 AND a.start_time = @__start_1 AND a.end_time = @__end_2
      LIMIT 1
info: Microsoft.EntityFrameworkCore.Database.Command[20101]
      Executed DbCommand (44ms) [Parameters=[@__nurseProfileId_0='?' (DbType = Int32), @__start_1='?' (DbType = DateTime), @__end_2='?' (DbType = DateTime)], CommandType='Text', CommandTimeout='30']
      SELECT a.id, a.end_time, a.nurse_profile_id, a.start_time
      FROM availability_slots AS a
      WHERE a.nurse_profile_id = @__nurseProfileId_0 AND a.start_time = @__start_1 AND a.end_time = @__end_2
      LIMIT 1
info: Microsoft.EntityFrameworkCore.Database.Command[20101]
      Executed DbCommand (170ms) [Parameters=[@__normalizedEmail_0='?'], CommandType='Text', CommandTimeout='30']
      SELECT u.id, u.access_failed_count, u.avatar, u.bank_account_name, u.bank_account_number, u.bank_bin, u.concurrency_stamp, u.created_at, u.email, u.email_confirmed, u.full_name, u.lockout_enabled, u.lockout_end, u.normalized_email, u.normalized_user_name, u.password_hash, u.phone, u.phone_confirmed, u.security_stamp, u.status, u.two_factor_enabled, u.updated_at, u.user_name
      FROM users AS u
      WHERE u.normalized_email = @__normalizedEmail_0
      LIMIT 2
info: Microsoft.EntityFrameworkCore.Database.Command[20101]
      Executed DbCommand (45ms) [Parameters=[@__userId_0='?' (DbType = Int32)], CommandType='Text', CommandTimeout='30']
      SELECT r.code
      FROM user_roles AS u
      INNER JOIN roles AS r ON u.role_id = r.id
      WHERE u.user_id = @__userId_0
info: Microsoft.EntityFrameworkCore.Database.Command[20101]
      Executed DbCommand (43ms) [Parameters=[@__userId_0='?' (DbType = Int32), @__type_1='?', @__isDefault_2='?' (DbType = Boolean)], CommandType='Text', CommandTimeout='30']
      SELECT a.id, a.district, a.full_address, a.is_default, a.latitude, a.longitude, a.type, a.user_id, a.ward
      FROM addresses AS a
      WHERE a.user_id = @__userId_0 AND a.type = @__type_1 AND a.is_default = @__isDefault_2
      LIMIT 1
info: Microsoft.EntityFrameworkCore.Database.Command[20101]
      Executed DbCommand (45ms) [Parameters=[@__userId_0='?' (DbType = Int32)], CommandType='Text', CommandTimeout='30']
      SELECT n.id, n.average_rating, n.bio, n.certificates, n.confirmed_at, n.created_at, n.is_active, n.is_verified, n.rejection_reason, n.service_radius_km, n.specialization, n.updated_at, n.user_id, n.verification_submission_status, n.years_experience
      FROM nurse_profiles AS n
      WHERE n.user_id = @__userId_0
      LIMIT 1
info: Microsoft.EntityFrameworkCore.Database.Command[20101]
      Executed DbCommand (46ms) [Parameters=[@p1='?' (DbType = Int32), @p0='?' (DbType = DateTime), @p3='?' (DbType = Int32), @p2='?' (DbType = DateTime)], CommandType='Text', CommandTimeout='30']
      UPDATE documents SET updated_at = @p0
      WHERE id = @p1;
      UPDATE documents SET updated_at = @p2
      WHERE id = @p3;
info: Microsoft.EntityFrameworkCore.Database.Command[20101]
      Executed DbCommand (44ms) [Parameters=[@__nurseProfileId_0='?' (DbType = Int32), @__normalizedType_1='?'], CommandType='Text', CommandTimeout='30']
      SELECT d.id, d.created_at, d.nurse_profile_id, d.public_id, d.status, d.type, d.updated_at
      FROM documents AS d
      WHERE d.nurse_profile_id = @__nurseProfileId_0 AND d.type = @__normalizedType_1
      LIMIT 1
info: Microsoft.EntityFrameworkCore.Database.Command[20101]
      Executed DbCommand (46ms) [Parameters=[@__nurseProfileId_0='?' (DbType = Int32), @__normalizedType_1='?'], CommandType='Text', CommandTimeout='30']
      SELECT d.id, d.created_at, d.nurse_profile_id, d.public_id, d.status, d.type, d.updated_at
      FROM documents AS d
      WHERE d.nurse_profile_id = @__nurseProfileId_0 AND d.type = @__normalizedType_1
      LIMIT 1
info: Microsoft.EntityFrameworkCore.Database.Command[20101]
      Executed DbCommand (45ms) [Parameters=[@__nurseProfileId_0='?' (DbType = Int32), @__serviceId_1='?' (DbType = Int32)], CommandType='Text', CommandTimeout='30']
      SELECT n.id, n.nurse_profile_id, n.price, n.service_id, n.status, n.unit
      FROM nurse_services AS n
      WHERE n.nurse_profile_id = @__nurseProfileId_0 AND n.service_id = @__serviceId_1
      LIMIT 1
info: Microsoft.EntityFrameworkCore.Database.Command[20101]
      Executed DbCommand (44ms) [Parameters=[@__nurseProfileId_0='?' (DbType = Int32), @__serviceId_1='?' (DbType = Int32)], CommandType='Text', CommandTimeout='30']
      SELECT n.id, n.nurse_profile_id, n.price, n.service_id, n.status, n.unit
      FROM nurse_services AS n
      WHERE n.nurse_profile_id = @__nurseProfileId_0 AND n.service_id = @__serviceId_1
      LIMIT 1
info: Microsoft.EntityFrameworkCore.Database.Command[20101]
      Executed DbCommand (47ms) [Parameters=[@__nurseProfileId_0='?' (DbType = Int32), @__serviceId_1='?' (DbType = Int32)], CommandType='Text', CommandTimeout='30']
      SELECT n.id, n.nurse_profile_id, n.price, n.service_id, n.status, n.unit
      FROM nurse_services AS n
      WHERE n.nurse_profile_id = @__nurseProfileId_0 AND n.service_id = @__serviceId_1
      LIMIT 1
info: Microsoft.EntityFrameworkCore.Database.Command[20101]
      Executed DbCommand (47ms) [Parameters=[@__nurseProfileId_0='?' (DbType = Int32), @__serviceId_1='?' (DbType = Int32)], CommandType='Text', CommandTimeout='30']
      SELECT n.id, n.nurse_profile_id, n.price, n.service_id, n.status, n.unit
      FROM nurse_services AS n
      WHERE n.nurse_profile_id = @__nurseProfileId_0 AND n.service_id = @__serviceId_1
      LIMIT 1
info: Microsoft.EntityFrameworkCore.Database.Command[20101]
      Executed DbCommand (52ms) [Parameters=[@__nurseProfileId_0='?' (DbType = Int32), @__start_1='?' (DbType = DateTime), @__end_2='?' (DbType = DateTime)], CommandType='Text', CommandTimeout='30']
      SELECT a.id, a.end_time, a.nurse_profile_id, a.start_time
      FROM availability_slots AS a
      WHERE a.nurse_profile_id = @__nurseProfileId_0 AND a.start_time = @__start_1 AND a.end_time = @__end_2
      LIMIT 1
info: Microsoft.EntityFrameworkCore.Database.Command[20101]
      Executed DbCommand (49ms) [Parameters=[@__nurseProfileId_0='?' (DbType = Int32), @__start_1='?' (DbType = DateTime), @__end_2='?' (DbType = DateTime)], CommandType='Text', CommandTimeout='30']
      SELECT a.id, a.end_time, a.nurse_profile_id, a.start_time
      FROM availability_slots AS a
      WHERE a.nurse_profile_id = @__nurseProfileId_0 AND a.start_time = @__start_1 AND a.end_time = @__end_2
      LIMIT 1
info: Microsoft.EntityFrameworkCore.Database.Command[20101]
      Executed DbCommand (46ms) [Parameters=[@__normalizedEmail_0='?'], CommandType='Text', CommandTimeout='30']
      SELECT u.id, u.access_failed_count, u.avatar, u.bank_account_name, u.bank_account_number, u.bank_bin, u.concurrency_stamp, u.created_at, u.email, u.email_confirmed, u.full_name, u.lockout_enabled, u.lockout_end, u.normalized_email, u.normalized_user_name, u.password_hash, u.phone, u.phone_confirmed, u.security_stamp, u.status, u.two_factor_enabled, u.updated_at, u.user_name
      FROM users AS u
      WHERE u.normalized_email = @__normalizedEmail_0
      LIMIT 2
info: Microsoft.EntityFrameworkCore.Database.Command[20101]
      Executed DbCommand (49ms) [Parameters=[@__userId_0='?' (DbType = Int32)], CommandType='Text', CommandTimeout='30']
      SELECT r.code
      FROM user_roles AS u
      INNER JOIN roles AS r ON u.role_id = r.id
      WHERE u.user_id = @__userId_0
info: Microsoft.EntityFrameworkCore.Database.Command[20101]
      Executed DbCommand (43ms) [Parameters=[@__userId_0='?' (DbType = Int32), @__type_1='?', @__isDefault_2='?' (DbType = Boolean)], CommandType='Text', CommandTimeout='30']
      SELECT a.id, a.district, a.full_address, a.is_default, a.latitude, a.longitude, a.type, a.user_id, a.ward
      FROM addresses AS a
      WHERE a.user_id = @__userId_0 AND a.type = @__type_1 AND a.is_default = @__isDefault_2
      LIMIT 1
info: Microsoft.EntityFrameworkCore.Database.Command[20101]
      Executed DbCommand (43ms) [Parameters=[@__userId_0='?' (DbType = Int32)], CommandType='Text', CommandTimeout='30']
      SELECT n.id, n.average_rating, n.bio, n.certificates, n.confirmed_at, n.created_at, n.is_active, n.is_verified, n.rejection_reason, n.service_radius_km, n.specialization, n.updated_at, n.user_id, n.verification_submission_status, n.years_experience
      FROM nurse_profiles AS n
      WHERE n.user_id = @__userId_0
      LIMIT 1
info: Microsoft.EntityFrameworkCore.Database.Command[20101]
      Executed DbCommand (42ms) [Parameters=[@p1='?' (DbType = Int32), @p0='?' (DbType = DateTime), @p3='?' (DbType = Int32), @p2='?' (DbType = DateTime)], CommandType='Text', CommandTimeout='30']
      UPDATE documents SET updated_at = @p0
      WHERE id = @p1;
      UPDATE documents SET updated_at = @p2
      WHERE id = @p3;
info: Microsoft.EntityFrameworkCore.Database.Command[20101]
      Executed DbCommand (47ms) [Parameters=[@__nurseProfileId_0='?' (DbType = Int32), @__normalizedType_1='?'], CommandType='Text', CommandTimeout='30']
      SELECT d.id, d.created_at, d.nurse_profile_id, d.public_id, d.status, d.type, d.updated_at
      FROM documents AS d
      WHERE d.nurse_profile_id = @__nurseProfileId_0 AND d.type = @__normalizedType_1
      LIMIT 1
info: Microsoft.EntityFrameworkCore.Database.Command[20101]
      Executed DbCommand (48ms) [Parameters=[@__nurseProfileId_0='?' (DbType = Int32), @__normalizedType_1='?'], CommandType='Text', CommandTimeout='30']
      SELECT d.id, d.created_at, d.nurse_profile_id, d.public_id, d.status, d.type, d.updated_at
      FROM documents AS d
      WHERE d.nurse_profile_id = @__nurseProfileId_0 AND d.type = @__normalizedType_1
      LIMIT 1
info: Microsoft.EntityFrameworkCore.Database.Command[20101]
      Executed DbCommand (41ms) [Parameters=[@__nurseProfileId_0='?' (DbType = Int32), @__serviceId_1='?' (DbType = Int32)], CommandType='Text', CommandTimeout='30']
      SELECT n.id, n.nurse_profile_id, n.price, n.service_id, n.status, n.unit
      FROM nurse_services AS n
      WHERE n.nurse_profile_id = @__nurseProfileId_0 AND n.service_id = @__serviceId_1
      LIMIT 1
info: Microsoft.EntityFrameworkCore.Database.Command[20101]
      Executed DbCommand (45ms) [Parameters=[@__nurseProfileId_0='?' (DbType = Int32), @__serviceId_1='?' (DbType = Int32)], CommandType='Text', CommandTimeout='30']
      SELECT n.id, n.nurse_profile_id, n.price, n.service_id, n.status, n.unit
      FROM nurse_services AS n
      WHERE n.nurse_profile_id = @__nurseProfileId_0 AND n.service_id = @__serviceId_1
      LIMIT 1
info: Microsoft.EntityFrameworkCore.Database.Command[20101]
      Executed DbCommand (46ms) [Parameters=[@__nurseProfileId_0='?' (DbType = Int32), @__serviceId_1='?' (DbType = Int32)], CommandType='Text', CommandTimeout='30']
      SELECT n.id, n.nurse_profile_id, n.price, n.service_id, n.status, n.unit
      FROM nurse_services AS n
      WHERE n.nurse_profile_id = @__nurseProfileId_0 AND n.service_id = @__serviceId_1
      LIMIT 1
info: Microsoft.EntityFrameworkCore.Database.Command[20101]
      Executed DbCommand (44ms) [Parameters=[@__nurseProfileId_0='?' (DbType = Int32), @__serviceId_1='?' (DbType = Int32)], CommandType='Text', CommandTimeout='30']
      SELECT n.id, n.nurse_profile_id, n.price, n.service_id, n.status, n.unit
      FROM nurse_services AS n
      WHERE n.nurse_profile_id = @__nurseProfileId_0 AND n.service_id = @__serviceId_1
      LIMIT 1
info: Microsoft.EntityFrameworkCore.Database.Command[20101]
      Executed DbCommand (46ms) [Parameters=[@__nurseProfileId_0='?' (DbType = Int32), @__start_1='?' (DbType = DateTime), @__end_2='?' (DbType = DateTime)], CommandType='Text', CommandTimeout='30']
      SELECT a.id, a.end_time, a.nurse_profile_id, a.start_time
      FROM availability_slots AS a
      WHERE a.nurse_profile_id = @__nurseProfileId_0 AND a.start_time = @__start_1 AND a.end_time = @__end_2
      LIMIT 1
info: Microsoft.EntityFrameworkCore.Database.Command[20101]
      Executed DbCommand (42ms) [Parameters=[@__nurseProfileId_0='?' (DbType = Int32), @__start_1='?' (DbType = DateTime), @__end_2='?' (DbType = DateTime)], CommandType='Text', CommandTimeout='30']
      SELECT a.id, a.end_time, a.nurse_profile_id, a.start_time
      FROM availability_slots AS a
      WHERE a.nurse_profile_id = @__nurseProfileId_0 AND a.start_time = @__start_1 AND a.end_time = @__end_2
      LIMIT 1
info: Microsoft.EntityFrameworkCore.Database.Command[20101]
      Executed DbCommand (42ms) [Parameters=[@__normalizedEmail_0='?'], CommandType='Text', CommandTimeout='30']
      SELECT u.id, u.access_failed_count, u.avatar, u.bank_account_name, u.bank_account_number, u.bank_bin, u.concurrency_stamp, u.created_at, u.email, u.email_confirmed, u.full_name, u.lockout_enabled, u.lockout_end, u.normalized_email, u.normalized_user_name, u.password_hash, u.phone, u.phone_confirmed, u.security_stamp, u.status, u.two_factor_enabled, u.updated_at, u.user_name
      FROM users AS u
      WHERE u.normalized_email = @__normalizedEmail_0
      LIMIT 2
info: Microsoft.EntityFrameworkCore.Database.Command[20101]
      Executed DbCommand (46ms) [Parameters=[@__userId_0='?' (DbType = Int32)], CommandType='Text', CommandTimeout='30']
      SELECT r.code
      FROM user_roles AS u
      INNER JOIN roles AS r ON u.role_id = r.id
      WHERE u.user_id = @__userId_0
info: Microsoft.EntityFrameworkCore.Database.Command[20101]
      Executed DbCommand (42ms) [Parameters=[@__userId_0='?' (DbType = Int32), @__type_1='?', @__isDefault_2='?' (DbType = Boolean)], CommandType='Text', CommandTimeout='30']
      SELECT a.id, a.district, a.full_address, a.is_default, a.latitude, a.longitude, a.type, a.user_id, a.ward
      FROM addresses AS a
      WHERE a.user_id = @__userId_0 AND a.type = @__type_1 AND a.is_default = @__isDefault_2
      LIMIT 1
info: Microsoft.EntityFrameworkCore.Database.Command[20101]
      Executed DbCommand (43ms) [Parameters=[@__userId_0='?' (DbType = Int32)], CommandType='Text', CommandTimeout='30']
      SELECT n.id, n.average_rating, n.bio, n.certificates, n.confirmed_at, n.created_at, n.is_active, n.is_verified, n.rejection_reason, n.service_radius_km, n.specialization, n.updated_at, n.user_id, n.verification_submission_status, n.years_experience
      FROM nurse_profiles AS n
      WHERE n.user_id = @__userId_0
      LIMIT 1
info: Microsoft.EntityFrameworkCore.Database.Command[20101]
      Executed DbCommand (42ms) [Parameters=[@p1='?' (DbType = Int32), @p0='?' (DbType = DateTime), @p3='?' (DbType = Int32), @p2='?' (DbType = DateTime)], CommandType='Text', CommandTimeout='30']
      UPDATE documents SET updated_at = @p0
      WHERE id = @p1;
      UPDATE documents SET updated_at = @p2
      WHERE id = @p3;
info: Microsoft.EntityFrameworkCore.Database.Command[20101]
      Executed DbCommand (46ms) [Parameters=[@__nurseProfileId_0='?' (DbType = Int32), @__normalizedType_1='?'], CommandType='Text', CommandTimeout='30']
      SELECT d.id, d.created_at, d.nurse_profile_id, d.public_id, d.status, d.type, d.updated_at
      FROM documents AS d
      WHERE d.nurse_profile_id = @__nurseProfileId_0 AND d.type = @__normalizedType_1
      LIMIT 1
info: Microsoft.EntityFrameworkCore.Database.Command[20101]
      Executed DbCommand (52ms) [Parameters=[@__nurseProfileId_0='?' (DbType = Int32), @__normalizedType_1='?'], CommandType='Text', CommandTimeout='30']
      SELECT d.id, d.created_at, d.nurse_profile_id, d.public_id, d.status, d.type, d.updated_at
      FROM documents AS d
      WHERE d.nurse_profile_id = @__nurseProfileId_0 AND d.type = @__normalizedType_1
      LIMIT 1
info: Microsoft.EntityFrameworkCore.Database.Command[20101]
      Executed DbCommand (42ms) [Parameters=[@__nurseProfileId_0='?' (DbType = Int32), @__serviceId_1='?' (DbType = Int32)], CommandType='Text', CommandTimeout='30']
      SELECT n.id, n.nurse_profile_id, n.price, n.service_id, n.status, n.unit
      FROM nurse_services AS n
      WHERE n.nurse_profile_id = @__nurseProfileId_0 AND n.service_id = @__serviceId_1
      LIMIT 1
info: Microsoft.EntityFrameworkCore.Database.Command[20101]
      Executed DbCommand (42ms) [Parameters=[@__nurseProfileId_0='?' (DbType = Int32), @__serviceId_1='?' (DbType = Int32)], CommandType='Text', CommandTimeout='30']
      SELECT n.id, n.nurse_profile_id, n.price, n.service_id, n.status, n.unit
      FROM nurse_services AS n
      WHERE n.nurse_profile_id = @__nurseProfileId_0 AND n.service_id = @__serviceId_1
      LIMIT 1
info: Microsoft.EntityFrameworkCore.Database.Command[20101]
      Executed DbCommand (45ms) [Parameters=[@__nurseProfileId_0='?' (DbType = Int32), @__serviceId_1='?' (DbType = Int32)], CommandType='Text', CommandTimeout='30']
      SELECT n.id, n.nurse_profile_id, n.price, n.service_id, n.status, n.unit
      FROM nurse_services AS n
      WHERE n.nurse_profile_id = @__nurseProfileId_0 AND n.service_id = @__serviceId_1
      LIMIT 1
info: Microsoft.EntityFrameworkCore.Database.Command[20101]
      Executed DbCommand (46ms) [Parameters=[@__nurseProfileId_0='?' (DbType = Int32), @__serviceId_1='?' (DbType = Int32)], CommandType='Text', CommandTimeout='30']
      SELECT n.id, n.nurse_profile_id, n.price, n.service_id, n.status, n.unit
      FROM nurse_services AS n
      WHERE n.nurse_profile_id = @__nurseProfileId_0 AND n.service_id = @__serviceId_1
      LIMIT 1
info: Microsoft.EntityFrameworkCore.Database.Command[20101]
      Executed DbCommand (40ms) [Parameters=[@__nurseProfileId_0='?' (DbType = Int32), @__start_1='?' (DbType = DateTime), @__end_2='?' (DbType = DateTime)], CommandType='Text', CommandTimeout='30']
      SELECT a.id, a.end_time, a.nurse_profile_id, a.start_time
      FROM availability_slots AS a
      WHERE a.nurse_profile_id = @__nurseProfileId_0 AND a.start_time = @__start_1 AND a.end_time = @__end_2
      LIMIT 1
info: Microsoft.EntityFrameworkCore.Database.Command[20101]
      Executed DbCommand (45ms) [Parameters=[@__nurseProfileId_0='?' (DbType = Int32), @__start_1='?' (DbType = DateTime), @__end_2='?' (DbType = DateTime)], CommandType='Text', CommandTimeout='30']
      SELECT a.id, a.end_time, a.nurse_profile_id, a.start_time
      FROM availability_slots AS a
      WHERE a.nurse_profile_id = @__nurseProfileId_0 AND a.start_time = @__start_1 AND a.end_time = @__end_2
      LIMIT 1
info: Microsoft.EntityFrameworkCore.Database.Command[20101]
      Executed DbCommand (42ms) [Parameters=[@__normalizedEmail_0='?'], CommandType='Text', CommandTimeout='30']
      SELECT u.id, u.access_failed_count, u.avatar, u.bank_account_name, u.bank_account_number, u.bank_bin, u.concurrency_stamp, u.created_at, u.email, u.email_confirmed, u.full_name, u.lockout_enabled, u.lockout_end, u.normalized_email, u.normalized_user_name, u.password_hash, u.phone, u.phone_confirmed, u.security_stamp, u.status, u.two_factor_enabled, u.updated_at, u.user_name
      FROM users AS u
      WHERE u.normalized_email = @__normalizedEmail_0
      LIMIT 2
info: Microsoft.EntityFrameworkCore.Database.Command[20101]
      Executed DbCommand (49ms) [Parameters=[@__userId_0='?' (DbType = Int32)], CommandType='Text', CommandTimeout='30']
      SELECT r.code
      FROM user_roles AS u
      INNER JOIN roles AS r ON u.role_id = r.id
      WHERE u.user_id = @__userId_0
info: Microsoft.EntityFrameworkCore.Database.Command[20101]
      Executed DbCommand (48ms) [Parameters=[@__userId_0='?' (DbType = Int32), @__type_1='?', @__isDefault_2='?' (DbType = Boolean)], CommandType='Text', CommandTimeout='30']
      SELECT a.id, a.district, a.full_address, a.is_default, a.latitude, a.longitude, a.type, a.user_id, a.ward
      FROM addresses AS a
      WHERE a.user_id = @__userId_0 AND a.type = @__type_1 AND a.is_default = @__isDefault_2
      LIMIT 1
info: Microsoft.EntityFrameworkCore.Database.Command[20101]
      Executed DbCommand (44ms) [Parameters=[@__userId_0='?' (DbType = Int32)], CommandType='Text', CommandTimeout='30']
      SELECT n.id, n.average_rating, n.bio, n.certificates, n.confirmed_at, n.created_at, n.is_active, n.is_verified, n.rejection_reason, n.service_radius_km, n.specialization, n.updated_at, n.user_id, n.verification_submission_status, n.years_experience
      FROM nurse_profiles AS n
      WHERE n.user_id = @__userId_0
      LIMIT 1
info: Microsoft.EntityFrameworkCore.Database.Command[20101]
      Executed DbCommand (41ms) [Parameters=[@p1='?' (DbType = Int32), @p0='?' (DbType = DateTime), @p3='?' (DbType = Int32), @p2='?' (DbType = DateTime)], CommandType='Text', CommandTimeout='30']
      UPDATE documents SET updated_at = @p0
      WHERE id = @p1;
      UPDATE documents SET updated_at = @p2
      WHERE id = @p3;
info: Microsoft.EntityFrameworkCore.Database.Command[20101]
      Executed DbCommand (44ms) [Parameters=[@__nurseProfileId_0='?' (DbType = Int32), @__normalizedType_1='?'], CommandType='Text', CommandTimeout='30']
      SELECT d.id, d.created_at, d.nurse_profile_id, d.public_id, d.status, d.type, d.updated_at
      FROM documents AS d
      WHERE d.nurse_profile_id = @__nurseProfileId_0 AND d.type = @__normalizedType_1
      LIMIT 1
info: Microsoft.EntityFrameworkCore.Database.Command[20101]
      Executed DbCommand (44ms) [Parameters=[@__nurseProfileId_0='?' (DbType = Int32), @__normalizedType_1='?'], CommandType='Text', CommandTimeout='30']
      SELECT d.id, d.created_at, d.nurse_profile_id, d.public_id, d.status, d.type, d.updated_at
      FROM documents AS d
      WHERE d.nurse_profile_id = @__nurseProfileId_0 AND d.type = @__normalizedType_1
      LIMIT 1
info: Microsoft.EntityFrameworkCore.Database.Command[20101]
      Executed DbCommand (52ms) [Parameters=[@__nurseProfileId_0='?' (DbType = Int32), @__serviceId_1='?' (DbType = Int32)], CommandType='Text', CommandTimeout='30']
      SELECT n.id, n.nurse_profile_id, n.price, n.service_id, n.status, n.unit
      FROM nurse_services AS n
      WHERE n.nurse_profile_id = @__nurseProfileId_0 AND n.service_id = @__serviceId_1
      LIMIT 1
info: Microsoft.EntityFrameworkCore.Database.Command[20101]
      Executed DbCommand (43ms) [Parameters=[@__nurseProfileId_0='?' (DbType = Int32), @__serviceId_1='?' (DbType = Int32)], CommandType='Text', CommandTimeout='30']
      SELECT n.id, n.nurse_profile_id, n.price, n.service_id, n.status, n.unit
      FROM nurse_services AS n
      WHERE n.nurse_profile_id = @__nurseProfileId_0 AND n.service_id = @__serviceId_1
      LIMIT 1
info: Microsoft.EntityFrameworkCore.Database.Command[20101]
      Executed DbCommand (43ms) [Parameters=[@__nurseProfileId_0='?' (DbType = Int32), @__serviceId_1='?' (DbType = Int32)], CommandType='Text', CommandTimeout='30']
      SELECT n.id, n.nurse_profile_id, n.price, n.service_id, n.status, n.unit
      FROM nurse_services AS n
      WHERE n.nurse_profile_id = @__nurseProfileId_0 AND n.service_id = @__serviceId_1
      LIMIT 1
info: Microsoft.EntityFrameworkCore.Database.Command[20101]
      Executed DbCommand (48ms) [Parameters=[@__nurseProfileId_0='?' (DbType = Int32), @__serviceId_1='?' (DbType = Int32)], CommandType='Text', CommandTimeout='30']
      SELECT n.id, n.nurse_profile_id, n.price, n.service_id, n.status, n.unit
      FROM nurse_services AS n
      WHERE n.nurse_profile_id = @__nurseProfileId_0 AND n.service_id = @__serviceId_1
      LIMIT 1
info: Microsoft.EntityFrameworkCore.Database.Command[20101]
      Executed DbCommand (45ms) [Parameters=[@__nurseProfileId_0='?' (DbType = Int32), @__start_1='?' (DbType = DateTime), @__end_2='?' (DbType = DateTime)], CommandType='Text', CommandTimeout='30']
      SELECT a.id, a.end_time, a.nurse_profile_id, a.start_time
      FROM availability_slots AS a
      WHERE a.nurse_profile_id = @__nurseProfileId_0 AND a.start_time = @__start_1 AND a.end_time = @__end_2
      LIMIT 1
info: Microsoft.EntityFrameworkCore.Database.Command[20101]
      Executed DbCommand (43ms) [Parameters=[@__nurseProfileId_0='?' (DbType = Int32), @__start_1='?' (DbType = DateTime), @__end_2='?' (DbType = DateTime)], CommandType='Text', CommandTimeout='30']
      SELECT a.id, a.end_time, a.nurse_profile_id, a.start_time
      FROM availability_slots AS a
      WHERE a.nurse_profile_id = @__nurseProfileId_0 AND a.start_time = @__start_1 AND a.end_time = @__end_2
      LIMIT 1
info: Microsoft.EntityFrameworkCore.Database.Command[20101]
      Executed DbCommand (44ms) [Parameters=[@__normalizedEmail_0='?'], CommandType='Text', CommandTimeout='30']
      SELECT u.id, u.access_failed_count, u.avatar, u.bank_account_name, u.bank_account_number, u.bank_bin, u.concurrency_stamp, u.created_at, u.email, u.email_confirmed, u.full_name, u.lockout_enabled, u.lockout_end, u.normalized_email, u.normalized_user_name, u.password_hash, u.phone, u.phone_confirmed, u.security_stamp, u.status, u.two_factor_enabled, u.updated_at, u.user_name
      FROM users AS u
      WHERE u.normalized_email = @__normalizedEmail_0
      LIMIT 2
info: Microsoft.EntityFrameworkCore.Database.Command[20101]
      Executed DbCommand (41ms) [Parameters=[@__userId_0='?' (DbType = Int32)], CommandType='Text', CommandTimeout='30']
      SELECT r.code
      FROM user_roles AS u
      INNER JOIN roles AS r ON u.role_id = r.id
      WHERE u.user_id = @__userId_0
info: Microsoft.EntityFrameworkCore.Database.Command[20101]
      Executed DbCommand (44ms) [Parameters=[@__userId_0='?' (DbType = Int32), @__type_1='?', @__isDefault_2='?' (DbType = Boolean)], CommandType='Text', CommandTimeout='30']
      SELECT a.id, a.district, a.full_address, a.is_default, a.latitude, a.longitude, a.type, a.user_id, a.ward
      FROM addresses AS a
      WHERE a.user_id = @__userId_0 AND a.type = @__type_1 AND a.is_default = @__isDefault_2
      LIMIT 1
info: Microsoft.EntityFrameworkCore.Database.Command[20101]
      Executed DbCommand (45ms) [Parameters=[@__userId_0='?' (DbType = Int32)], CommandType='Text', CommandTimeout='30']
      SELECT n.id, n.average_rating, n.bio, n.certificates, n.confirmed_at, n.created_at, n.is_active, n.is_verified, n.rejection_reason, n.service_radius_km, n.specialization, n.updated_at, n.user_id, n.verification_submission_status, n.years_experience
      FROM nurse_profiles AS n
      WHERE n.user_id = @__userId_0
      LIMIT 1
info: Microsoft.EntityFrameworkCore.Database.Command[20101]
      Executed DbCommand (44ms) [Parameters=[@p1='?' (DbType = Int32), @p0='?' (DbType = DateTime), @p3='?' (DbType = Int32), @p2='?' (DbType = DateTime)], CommandType='Text', CommandTimeout='30']
      UPDATE documents SET updated_at = @p0
      WHERE id = @p1;
      UPDATE documents SET updated_at = @p2
      WHERE id = @p3;
info: Microsoft.EntityFrameworkCore.Database.Command[20101]
      Executed DbCommand (49ms) [Parameters=[@__nurseProfileId_0='?' (DbType = Int32), @__normalizedType_1='?'], CommandType='Text', CommandTimeout='30']
      SELECT d.id, d.created_at, d.nurse_profile_id, d.public_id, d.status, d.type, d.updated_at
      FROM documents AS d
      WHERE d.nurse_profile_id = @__nurseProfileId_0 AND d.type = @__normalizedType_1
      LIMIT 1
info: Microsoft.EntityFrameworkCore.Database.Command[20101]
      Executed DbCommand (46ms) [Parameters=[@__nurseProfileId_0='?' (DbType = Int32), @__normalizedType_1='?'], CommandType='Text', CommandTimeout='30']
      SELECT d.id, d.created_at, d.nurse_profile_id, d.public_id, d.status, d.type, d.updated_at
      FROM documents AS d
      WHERE d.nurse_profile_id = @__nurseProfileId_0 AND d.type = @__normalizedType_1
      LIMIT 1
info: Microsoft.EntityFrameworkCore.Database.Command[20101]
      Executed DbCommand (41ms) [Parameters=[@__nurseProfileId_0='?' (DbType = Int32), @__serviceId_1='?' (DbType = Int32)], CommandType='Text', CommandTimeout='30']
      SELECT n.id, n.nurse_profile_id, n.price, n.service_id, n.status, n.unit
      FROM nurse_services AS n
      WHERE n.nurse_profile_id = @__nurseProfileId_0 AND n.service_id = @__serviceId_1
      LIMIT 1
info: Microsoft.EntityFrameworkCore.Database.Command[20101]
      Executed DbCommand (43ms) [Parameters=[@__nurseProfileId_0='?' (DbType = Int32), @__serviceId_1='?' (DbType = Int32)], CommandType='Text', CommandTimeout='30']
      SELECT n.id, n.nurse_profile_id, n.price, n.service_id, n.status, n.unit
      FROM nurse_services AS n
      WHERE n.nurse_profile_id = @__nurseProfileId_0 AND n.service_id = @__serviceId_1
      LIMIT 1
info: Microsoft.EntityFrameworkCore.Database.Command[20101]
      Executed DbCommand (42ms) [Parameters=[@__nurseProfileId_0='?' (DbType = Int32), @__serviceId_1='?' (DbType = Int32)], CommandType='Text', CommandTimeout='30']
      SELECT n.id, n.nurse_profile_id, n.price, n.service_id, n.status, n.unit
      FROM nurse_services AS n
      WHERE n.nurse_profile_id = @__nurseProfileId_0 AND n.service_id = @__serviceId_1
      LIMIT 1
info: Microsoft.EntityFrameworkCore.Database.Command[20101]
      Executed DbCommand (46ms) [Parameters=[@__nurseProfileId_0='?' (DbType = Int32), @__serviceId_1='?' (DbType = Int32)], CommandType='Text', CommandTimeout='30']
      SELECT n.id, n.nurse_profile_id, n.price, n.service_id, n.status, n.unit
      FROM nurse_services AS n
      WHERE n.nurse_profile_id = @__nurseProfileId_0 AND n.service_id = @__serviceId_1
      LIMIT 1
info: Microsoft.EntityFrameworkCore.Database.Command[20101]
      Executed DbCommand (43ms) [Parameters=[@__nurseProfileId_0='?' (DbType = Int32), @__start_1='?' (DbType = DateTime), @__end_2='?' (DbType = DateTime)], CommandType='Text', CommandTimeout='30']
      SELECT a.id, a.end_time, a.nurse_profile_id, a.start_time
      FROM availability_slots AS a
      WHERE a.nurse_profile_id = @__nurseProfileId_0 AND a.start_time = @__start_1 AND a.end_time = @__end_2
      LIMIT 1
info: Microsoft.EntityFrameworkCore.Database.Command[20101]
      Executed DbCommand (42ms) [Parameters=[@__nurseProfileId_0='?' (DbType = Int32), @__start_1='?' (DbType = DateTime), @__end_2='?' (DbType = DateTime)], CommandType='Text', CommandTimeout='30']
      SELECT a.id, a.end_time, a.nurse_profile_id, a.start_time
      FROM availability_slots AS a
      WHERE a.nurse_profile_id = @__nurseProfileId_0 AND a.start_time = @__start_1 AND a.end_time = @__end_2
      LIMIT 1
info: Microsoft.EntityFrameworkCore.Database.Command[20101]
      Executed DbCommand (43ms) [Parameters=[@__normalizedEmail_0='?'], CommandType='Text', CommandTimeout='30']
      SELECT u.id, u.access_failed_count, u.avatar, u.bank_account_name, u.bank_account_number, u.bank_bin, u.concurrency_stamp, u.created_at, u.email, u.email_confirmed, u.full_name, u.lockout_enabled, u.lockout_end, u.normalized_email, u.normalized_user_name, u.password_hash, u.phone, u.phone_confirmed, u.security_stamp, u.status, u.two_factor_enabled, u.updated_at, u.user_name
      FROM users AS u
      WHERE u.normalized_email = @__normalizedEmail_0
      LIMIT 2
info: Microsoft.EntityFrameworkCore.Database.Command[20101]
      Executed DbCommand (41ms) [Parameters=[@__userId_0='?' (DbType = Int32)], CommandType='Text', CommandTimeout='30']
      SELECT r.code
      FROM user_roles AS u
      INNER JOIN roles AS r ON u.role_id = r.id
      WHERE u.user_id = @__userId_0
info: Microsoft.EntityFrameworkCore.Database.Command[20101]
      Executed DbCommand (42ms) [Parameters=[@__userId_0='?' (DbType = Int32), @__type_1='?', @__isDefault_2='?' (DbType = Boolean)], CommandType='Text', CommandTimeout='30']
      SELECT a.id, a.district, a.full_address, a.is_default, a.latitude, a.longitude, a.type, a.user_id, a.ward
      FROM addresses AS a
      WHERE a.user_id = @__userId_0 AND a.type = @__type_1 AND a.is_default = @__isDefault_2
      LIMIT 1
info: Microsoft.EntityFrameworkCore.Database.Command[20101]
      Executed DbCommand (42ms) [Parameters=[@__userId_0='?' (DbType = Int32)], CommandType='Text', CommandTimeout='30']
      SELECT n.id, n.average_rating, n.bio, n.certificates, n.confirmed_at, n.created_at, n.is_active, n.is_verified, n.rejection_reason, n.service_radius_km, n.specialization, n.updated_at, n.user_id, n.verification_submission_status, n.years_experience
      FROM nurse_profiles AS n
      WHERE n.user_id = @__userId_0
      LIMIT 1
info: Microsoft.EntityFrameworkCore.Database.Command[20101]
      Executed DbCommand (43ms) [Parameters=[@p1='?' (DbType = Int32), @p0='?' (DbType = DateTime), @p3='?' (DbType = Int32), @p2='?' (DbType = DateTime)], CommandType='Text', CommandTimeout='30']
      UPDATE documents SET updated_at = @p0
      WHERE id = @p1;
      UPDATE documents SET updated_at = @p2
      WHERE id = @p3;
info: Microsoft.EntityFrameworkCore.Database.Command[20101]
      Executed DbCommand (43ms) [Parameters=[@__nurseProfileId_0='?' (DbType = Int32), @__normalizedType_1='?'], CommandType='Text', CommandTimeout='30']
      SELECT d.id, d.created_at, d.nurse_profile_id, d.public_id, d.status, d.type, d.updated_at
      FROM documents AS d
      WHERE d.nurse_profile_id = @__nurseProfileId_0 AND d.type = @__normalizedType_1
      LIMIT 1
info: Microsoft.EntityFrameworkCore.Database.Command[20101]
      Executed DbCommand (46ms) [Parameters=[@__nurseProfileId_0='?' (DbType = Int32), @__normalizedType_1='?'], CommandType='Text', CommandTimeout='30']
      SELECT d.id, d.created_at, d.nurse_profile_id, d.public_id, d.status, d.type, d.updated_at
      FROM documents AS d
      WHERE d.nurse_profile_id = @__nurseProfileId_0 AND d.type = @__normalizedType_1
      LIMIT 1
info: Microsoft.EntityFrameworkCore.Database.Command[20101]
      Executed DbCommand (41ms) [Parameters=[@__nurseProfileId_0='?' (DbType = Int32), @__serviceId_1='?' (DbType = Int32)], CommandType='Text', CommandTimeout='30']
      SELECT n.id, n.nurse_profile_id, n.price, n.service_id, n.status, n.unit
      FROM nurse_services AS n
      WHERE n.nurse_profile_id = @__nurseProfileId_0 AND n.service_id = @__serviceId_1
      LIMIT 1
info: Microsoft.EntityFrameworkCore.Database.Command[20101]
      Executed DbCommand (41ms) [Parameters=[@__nurseProfileId_0='?' (DbType = Int32), @__serviceId_1='?' (DbType = Int32)], CommandType='Text', CommandTimeout='30']
      SELECT n.id, n.nurse_profile_id, n.price, n.service_id, n.status, n.unit
      FROM nurse_services AS n
      WHERE n.nurse_profile_id = @__nurseProfileId_0 AND n.service_id = @__serviceId_1
      LIMIT 1
info: Microsoft.EntityFrameworkCore.Database.Command[20101]
      Executed DbCommand (43ms) [Parameters=[@__nurseProfileId_0='?' (DbType = Int32), @__serviceId_1='?' (DbType = Int32)], CommandType='Text', CommandTimeout='30']
      SELECT n.id, n.nurse_profile_id, n.price, n.service_id, n.status, n.unit
      FROM nurse_services AS n
      WHERE n.nurse_profile_id = @__nurseProfileId_0 AND n.service_id = @__serviceId_1
      LIMIT 1
info: Microsoft.EntityFrameworkCore.Database.Command[20101]
      Executed DbCommand (44ms) [Parameters=[@__nurseProfileId_0='?' (DbType = Int32), @__serviceId_1='?' (DbType = Int32)], CommandType='Text', CommandTimeout='30']
      SELECT n.id, n.nurse_profile_id, n.price, n.service_id, n.status, n.unit
      FROM nurse_services AS n
      WHERE n.nurse_profile_id = @__nurseProfileId_0 AND n.service_id = @__serviceId_1
      LIMIT 1
info: Microsoft.EntityFrameworkCore.Database.Command[20101]
      Executed DbCommand (42ms) [Parameters=[@__nurseProfileId_0='?' (DbType = Int32), @__start_1='?' (DbType = DateTime), @__end_2='?' (DbType = DateTime)], CommandType='Text', CommandTimeout='30']
      SELECT a.id, a.end_time, a.nurse_profile_id, a.start_time
      FROM availability_slots AS a
      WHERE a.nurse_profile_id = @__nurseProfileId_0 AND a.start_time = @__start_1 AND a.end_time = @__end_2
      LIMIT 1
info: Microsoft.EntityFrameworkCore.Database.Command[20101]
      Executed DbCommand (47ms) [Parameters=[@__nurseProfileId_0='?' (DbType = Int32), @__start_1='?' (DbType = DateTime), @__end_2='?' (DbType = DateTime)], CommandType='Text', CommandTimeout='30']
      SELECT a.id, a.end_time, a.nurse_profile_id, a.start_time
      FROM availability_slots AS a
      WHERE a.nurse_profile_id = @__nurseProfileId_0 AND a.start_time = @__start_1 AND a.end_time = @__end_2
      LIMIT 1
info: Microsoft.EntityFrameworkCore.Database.Command[20101]
      Executed DbCommand (44ms) [Parameters=[@__normalizedEmail_0='?'], CommandType='Text', CommandTimeout='30']
      SELECT u.id, u.access_failed_count, u.avatar, u.bank_account_name, u.bank_account_number, u.bank_bin, u.concurrency_stamp, u.created_at, u.email, u.email_confirmed, u.full_name, u.lockout_enabled, u.lockout_end, u.normalized_email, u.normalized_user_name, u.password_hash, u.phone, u.phone_confirmed, u.security_stamp, u.status, u.two_factor_enabled, u.updated_at, u.user_name
      FROM users AS u
      WHERE u.normalized_email = @__normalizedEmail_0
      LIMIT 2
info: Microsoft.EntityFrameworkCore.Database.Command[20101]
      Executed DbCommand (42ms) [Parameters=[@__userId_0='?' (DbType = Int32)], CommandType='Text', CommandTimeout='30']
      SELECT r.code
      FROM user_roles AS u
      INNER JOIN roles AS r ON u.role_id = r.id
      WHERE u.user_id = @__userId_0
info: Microsoft.EntityFrameworkCore.Database.Command[20101]
      Executed DbCommand (42ms) [Parameters=[@__userId_0='?' (DbType = Int32), @__type_1='?', @__isDefault_2='?' (DbType = Boolean)], CommandType='Text', CommandTimeout='30']
      SELECT a.id, a.district, a.full_address, a.is_default, a.latitude, a.longitude, a.type, a.user_id, a.ward
      FROM addresses AS a
      WHERE a.user_id = @__userId_0 AND a.type = @__type_1 AND a.is_default = @__isDefault_2
      LIMIT 1
info: Microsoft.EntityFrameworkCore.Database.Command[20101]
      Executed DbCommand (41ms) [Parameters=[@__userId_0='?' (DbType = Int32)], CommandType='Text', CommandTimeout='30']
      SELECT n.id, n.average_rating, n.bio, n.certificates, n.confirmed_at, n.created_at, n.is_active, n.is_verified, n.rejection_reason, n.service_radius_km, n.specialization, n.updated_at, n.user_id, n.verification_submission_status, n.years_experience
      FROM nurse_profiles AS n
      WHERE n.user_id = @__userId_0
      LIMIT 1
info: Microsoft.EntityFrameworkCore.Database.Command[20101]
      Executed DbCommand (44ms) [Parameters=[@p1='?' (DbType = Int32), @p0='?' (DbType = DateTime), @p3='?' (DbType = Int32), @p2='?' (DbType = DateTime)], CommandType='Text', CommandTimeout='30']
      UPDATE documents SET updated_at = @p0
      WHERE id = @p1;
      UPDATE documents SET updated_at = @p2
      WHERE id = @p3;
info: Microsoft.EntityFrameworkCore.Database.Command[20101]
      Executed DbCommand (47ms) [Parameters=[@__nurseProfileId_0='?' (DbType = Int32), @__normalizedType_1='?'], CommandType='Text', CommandTimeout='30']
      SELECT d.id, d.created_at, d.nurse_profile_id, d.public_id, d.status, d.type, d.updated_at
      FROM documents AS d
      WHERE d.nurse_profile_id = @__nurseProfileId_0 AND d.type = @__normalizedType_1
      LIMIT 1
info: Microsoft.EntityFrameworkCore.Database.Command[20101]
      Executed DbCommand (90ms) [Parameters=[@__nurseProfileId_0='?' (DbType = Int32), @__normalizedType_1='?'], CommandType='Text', CommandTimeout='30']
      SELECT d.id, d.created_at, d.nurse_profile_id, d.public_id, d.status, d.type, d.updated_at
      FROM documents AS d
      WHERE d.nurse_profile_id = @__nurseProfileId_0 AND d.type = @__normalizedType_1
      LIMIT 1
info: Microsoft.EntityFrameworkCore.Database.Command[20101]
      Executed DbCommand (41ms) [Parameters=[@__nurseProfileId_0='?' (DbType = Int32), @__serviceId_1='?' (DbType = Int32)], CommandType='Text', CommandTimeout='30']
      SELECT n.id, n.nurse_profile_id, n.price, n.service_id, n.status, n.unit
      FROM nurse_services AS n
      WHERE n.nurse_profile_id = @__nurseProfileId_0 AND n.service_id = @__serviceId_1
      LIMIT 1
info: Microsoft.EntityFrameworkCore.Database.Command[20101]
      Executed DbCommand (66ms) [Parameters=[@__nurseProfileId_0='?' (DbType = Int32), @__serviceId_1='?' (DbType = Int32)], CommandType='Text', CommandTimeout='30']
      SELECT n.id, n.nurse_profile_id, n.price, n.service_id, n.status, n.unit
      FROM nurse_services AS n
      WHERE n.nurse_profile_id = @__nurseProfileId_0 AND n.service_id = @__serviceId_1
      LIMIT 1
info: Microsoft.EntityFrameworkCore.Database.Command[20101]
      Executed DbCommand (44ms) [Parameters=[@__nurseProfileId_0='?' (DbType = Int32), @__serviceId_1='?' (DbType = Int32)], CommandType='Text', CommandTimeout='30']
      SELECT n.id, n.nurse_profile_id, n.price, n.service_id, n.status, n.unit
      FROM nurse_services AS n
      WHERE n.nurse_profile_id = @__nurseProfileId_0 AND n.service_id = @__serviceId_1
      LIMIT 1
info: Microsoft.EntityFrameworkCore.Database.Command[20101]
      Executed DbCommand (61ms) [Parameters=[@__nurseProfileId_0='?' (DbType = Int32), @__serviceId_1='?' (DbType = Int32)], CommandType='Text', CommandTimeout='30']
      SELECT n.id, n.nurse_profile_id, n.price, n.service_id, n.status, n.unit
      FROM nurse_services AS n
      WHERE n.nurse_profile_id = @__nurseProfileId_0 AND n.service_id = @__serviceId_1
      LIMIT 1
info: Microsoft.EntityFrameworkCore.Database.Command[20101]
      Executed DbCommand (97ms) [Parameters=[@__nurseProfileId_0='?' (DbType = Int32), @__start_1='?' (DbType = DateTime), @__end_2='?' (DbType = DateTime)], CommandType='Text', CommandTimeout='30']
      SELECT a.id, a.end_time, a.nurse_profile_id, a.start_time
      FROM availability_slots AS a
      WHERE a.nurse_profile_id = @__nurseProfileId_0 AND a.start_time = @__start_1 AND a.end_time = @__end_2
      LIMIT 1
info: Microsoft.EntityFrameworkCore.Database.Command[20101]
      Executed DbCommand (41ms) [Parameters=[@__nurseProfileId_0='?' (DbType = Int32), @__start_1='?' (DbType = DateTime), @__end_2='?' (DbType = DateTime)], CommandType='Text', CommandTimeout='30']
      SELECT a.id, a.end_time, a.nurse_profile_id, a.start_time
      FROM availability_slots AS a
      WHERE a.nurse_profile_id = @__nurseProfileId_0 AND a.start_time = @__start_1 AND a.end_time = @__end_2
      LIMIT 1
info: Microsoft.EntityFrameworkCore.Database.Command[20101]
      Executed DbCommand (41ms) [Parameters=[@__normalizedEmail_0='?'], CommandType='Text', CommandTimeout='30']
      SELECT u.id, u.access_failed_count, u.avatar, u.bank_account_name, u.bank_account_number, u.bank_bin, u.concurrency_stamp, u.created_at, u.email, u.email_confirmed, u.full_name, u.lockout_enabled, u.lockout_end, u.normalized_email, u.normalized_user_name, u.password_hash, u.phone, u.phone_confirmed, u.security_stamp, u.status, u.two_factor_enabled, u.updated_at, u.user_name
      FROM users AS u
      WHERE u.normalized_email = @__normalizedEmail_0
      LIMIT 2
info: Microsoft.EntityFrameworkCore.Database.Command[20101]
      Executed DbCommand (44ms) [Parameters=[@__userId_0='?' (DbType = Int32)], CommandType='Text', CommandTimeout='30']
      SELECT r.code
      FROM user_roles AS u
      INNER JOIN roles AS r ON u.role_id = r.id
      WHERE u.user_id = @__userId_0
info: Microsoft.EntityFrameworkCore.Database.Command[20101]
      Executed DbCommand (48ms) [Parameters=[@__userId_0='?' (DbType = Int32), @__type_1='?', @__isDefault_2='?' (DbType = Boolean)], CommandType='Text', CommandTimeout='30']
      SELECT a.id, a.district, a.full_address, a.is_default, a.latitude, a.longitude, a.type, a.user_id, a.ward
      FROM addresses AS a
      WHERE a.user_id = @__userId_0 AND a.type = @__type_1 AND a.is_default = @__isDefault_2
      LIMIT 1
info: Microsoft.EntityFrameworkCore.Database.Command[20101]
      Executed DbCommand (41ms) [Parameters=[@__userId_0='?' (DbType = Int32)], CommandType='Text', CommandTimeout='30']
      SELECT n.id, n.average_rating, n.bio, n.certificates, n.confirmed_at, n.created_at, n.is_active, n.is_verified, n.rejection_reason, n.service_radius_km, n.specialization, n.updated_at, n.user_id, n.verification_submission_status, n.years_experience
      FROM nurse_profiles AS n
      WHERE n.user_id = @__userId_0
      LIMIT 1
info: Microsoft.EntityFrameworkCore.Database.Command[20101]
      Executed DbCommand (41ms) [Parameters=[@p1='?' (DbType = Int32), @p0='?' (DbType = DateTime), @p3='?' (DbType = Int32), @p2='?' (DbType = DateTime)], CommandType='Text', CommandTimeout='30']
      UPDATE documents SET updated_at = @p0
      WHERE id = @p1;
      UPDATE documents SET updated_at = @p2
      WHERE id = @p3;
info: Microsoft.EntityFrameworkCore.Database.Command[20101]
      Executed DbCommand (43ms) [Parameters=[@__nurseProfileId_0='?' (DbType = Int32), @__normalizedType_1='?'], CommandType='Text', CommandTimeout='30']
      SELECT d.id, d.created_at, d.nurse_profile_id, d.public_id, d.status, d.type, d.updated_at
      FROM documents AS d
      WHERE d.nurse_profile_id = @__nurseProfileId_0 AND d.type = @__normalizedType_1
      LIMIT 1
info: Microsoft.EntityFrameworkCore.Database.Command[20101]
      Executed DbCommand (42ms) [Parameters=[@__nurseProfileId_0='?' (DbType = Int32), @__normalizedType_1='?'], CommandType='Text', CommandTimeout='30']
      SELECT d.id, d.created_at, d.nurse_profile_id, d.public_id, d.status, d.type, d.updated_at
      FROM documents AS d
      WHERE d.nurse_profile_id = @__nurseProfileId_0 AND d.type = @__normalizedType_1
      LIMIT 1
info: Microsoft.EntityFrameworkCore.Database.Command[20101]
      Executed DbCommand (44ms) [Parameters=[@__nurseProfileId_0='?' (DbType = Int32), @__serviceId_1='?' (DbType = Int32)], CommandType='Text', CommandTimeout='30']
      SELECT n.id, n.nurse_profile_id, n.price, n.service_id, n.status, n.unit
      FROM nurse_services AS n
      WHERE n.nurse_profile_id = @__nurseProfileId_0 AND n.service_id = @__serviceId_1
      LIMIT 1
info: Microsoft.EntityFrameworkCore.Database.Command[20101]
      Executed DbCommand (48ms) [Parameters=[@__nurseProfileId_0='?' (DbType = Int32), @__serviceId_1='?' (DbType = Int32)], CommandType='Text', CommandTimeout='30']
      SELECT n.id, n.nurse_profile_id, n.price, n.service_id, n.status, n.unit
      FROM nurse_services AS n
      WHERE n.nurse_profile_id = @__nurseProfileId_0 AND n.service_id = @__serviceId_1
      LIMIT 1
info: Microsoft.EntityFrameworkCore.Database.Command[20101]
      Executed DbCommand (47ms) [Parameters=[@__nurseProfileId_0='?' (DbType = Int32), @__serviceId_1='?' (DbType = Int32)], CommandType='Text', CommandTimeout='30']
      SELECT n.id, n.nurse_profile_id, n.price, n.service_id, n.status, n.unit
      FROM nurse_services AS n
      WHERE n.nurse_profile_id = @__nurseProfileId_0 AND n.service_id = @__serviceId_1
      LIMIT 1
info: Microsoft.EntityFrameworkCore.Database.Command[20101]
      Executed DbCommand (45ms) [Parameters=[@__nurseProfileId_0='?' (DbType = Int32), @__serviceId_1='?' (DbType = Int32)], CommandType='Text', CommandTimeout='30']
      SELECT n.id, n.nurse_profile_id, n.price, n.service_id, n.status, n.unit
      FROM nurse_services AS n
      WHERE n.nurse_profile_id = @__nurseProfileId_0 AND n.service_id = @__serviceId_1
      LIMIT 1
info: Microsoft.EntityFrameworkCore.Database.Command[20101]
      Executed DbCommand (42ms) [Parameters=[@__nurseProfileId_0='?' (DbType = Int32), @__start_1='?' (DbType = DateTime), @__end_2='?' (DbType = DateTime)], CommandType='Text', CommandTimeout='30']
      SELECT a.id, a.end_time, a.nurse_profile_id, a.start_time
      FROM availability_slots AS a
      WHERE a.nurse_profile_id = @__nurseProfileId_0 AND a.start_time = @__start_1 AND a.end_time = @__end_2
      LIMIT 1
info: Microsoft.EntityFrameworkCore.Database.Command[20101]
      Executed DbCommand (43ms) [Parameters=[@__nurseProfileId_0='?' (DbType = Int32), @__start_1='?' (DbType = DateTime), @__end_2='?' (DbType = DateTime)], CommandType='Text', CommandTimeout='30']
      SELECT a.id, a.end_time, a.nurse_profile_id, a.start_time
      FROM availability_slots AS a
      WHERE a.nurse_profile_id = @__nurseProfileId_0 AND a.start_time = @__start_1 AND a.end_time = @__end_2
      LIMIT 1
info: Microsoft.EntityFrameworkCore.Database.Command[20101]
      Executed DbCommand (45ms) [Parameters=[@__normalizedEmail_0='?'], CommandType='Text', CommandTimeout='30']
      SELECT u.id, u.access_failed_count, u.avatar, u.bank_account_name, u.bank_account_number, u.bank_bin, u.concurrency_stamp, u.created_at, u.email, u.email_confirmed, u.full_name, u.lockout_enabled, u.lockout_end, u.normalized_email, u.normalized_user_name, u.password_hash, u.phone, u.phone_confirmed, u.security_stamp, u.status, u.two_factor_enabled, u.updated_at, u.user_name
      FROM users AS u
      WHERE u.normalized_email = @__normalizedEmail_0
      LIMIT 2
info: Microsoft.EntityFrameworkCore.Database.Command[20101]
      Executed DbCommand (42ms) [Parameters=[@__userId_0='?' (DbType = Int32)], CommandType='Text', CommandTimeout='30']
      SELECT r.code
      FROM user_roles AS u
      INNER JOIN roles AS r ON u.role_id = r.id
      WHERE u.user_id = @__userId_0
info: Microsoft.EntityFrameworkCore.Database.Command[20101]
      Executed DbCommand (43ms) [Parameters=[@__userId_0='?' (DbType = Int32), @__type_1='?', @__isDefault_2='?' (DbType = Boolean)], CommandType='Text', CommandTimeout='30']
      SELECT a.id, a.district, a.full_address, a.is_default, a.latitude, a.longitude, a.type, a.user_id, a.ward
      FROM addresses AS a
      WHERE a.user_id = @__userId_0 AND a.type = @__type_1 AND a.is_default = @__isDefault_2
      LIMIT 1
info: Microsoft.EntityFrameworkCore.Database.Command[20101]
      Executed DbCommand (41ms) [Parameters=[@__userId_0='?' (DbType = Int32)], CommandType='Text', CommandTimeout='30']
      SELECT n.id, n.average_rating, n.bio, n.certificates, n.confirmed_at, n.created_at, n.is_active, n.is_verified, n.rejection_reason, n.service_radius_km, n.specialization, n.updated_at, n.user_id, n.verification_submission_status, n.years_experience
      FROM nurse_profiles AS n
      WHERE n.user_id = @__userId_0
      LIMIT 1
info: Microsoft.EntityFrameworkCore.Database.Command[20101]
      Executed DbCommand (43ms) [Parameters=[@p1='?' (DbType = Int32), @p0='?' (DbType = DateTime), @p3='?' (DbType = Int32), @p2='?' (DbType = DateTime)], CommandType='Text', CommandTimeout='30']
      UPDATE documents SET updated_at = @p0
      WHERE id = @p1;
      UPDATE documents SET updated_at = @p2
      WHERE id = @p3;
info: Microsoft.EntityFrameworkCore.Database.Command[20101]
      Executed DbCommand (42ms) [Parameters=[@__nurseProfileId_0='?' (DbType = Int32), @__normalizedType_1='?'], CommandType='Text', CommandTimeout='30']
      SELECT d.id, d.created_at, d.nurse_profile_id, d.public_id, d.status, d.type, d.updated_at
      FROM documents AS d
      WHERE d.nurse_profile_id = @__nurseProfileId_0 AND d.type = @__normalizedType_1
      LIMIT 1
info: Microsoft.EntityFrameworkCore.Database.Command[20101]
      Executed DbCommand (42ms) [Parameters=[@__nurseProfileId_0='?' (DbType = Int32), @__normalizedType_1='?'], CommandType='Text', CommandTimeout='30']
      SELECT d.id, d.created_at, d.nurse_profile_id, d.public_id, d.status, d.type, d.updated_at
      FROM documents AS d
      WHERE d.nurse_profile_id = @__nurseProfileId_0 AND d.type = @__normalizedType_1
      LIMIT 1
info: Microsoft.EntityFrameworkCore.Database.Command[20101]
      Executed DbCommand (41ms) [Parameters=[@__nurseProfileId_0='?' (DbType = Int32), @__serviceId_1='?' (DbType = Int32)], CommandType='Text', CommandTimeout='30']
      SELECT n.id, n.nurse_profile_id, n.price, n.service_id, n.status, n.unit
      FROM nurse_services AS n
      WHERE n.nurse_profile_id = @__nurseProfileId_0 AND n.service_id = @__serviceId_1
      LIMIT 1
info: Microsoft.EntityFrameworkCore.Database.Command[20101]
      Executed DbCommand (41ms) [Parameters=[@__nurseProfileId_0='?' (DbType = Int32), @__serviceId_1='?' (DbType = Int32)], CommandType='Text', CommandTimeout='30']
      SELECT n.id, n.nurse_profile_id, n.price, n.service_id, n.status, n.unit
      FROM nurse_services AS n
      WHERE n.nurse_profile_id = @__nurseProfileId_0 AND n.service_id = @__serviceId_1
      LIMIT 1
info: Microsoft.EntityFrameworkCore.Database.Command[20101]
      Executed DbCommand (41ms) [Parameters=[@__nurseProfileId_0='?' (DbType = Int32), @__serviceId_1='?' (DbType = Int32)], CommandType='Text', CommandTimeout='30']
      SELECT n.id, n.nurse_profile_id, n.price, n.service_id, n.status, n.unit
      FROM nurse_services AS n
      WHERE n.nurse_profile_id = @__nurseProfileId_0 AND n.service_id = @__serviceId_1
      LIMIT 1
info: Microsoft.EntityFrameworkCore.Database.Command[20101]
      Executed DbCommand (42ms) [Parameters=[@__nurseProfileId_0='?' (DbType = Int32), @__serviceId_1='?' (DbType = Int32)], CommandType='Text', CommandTimeout='30']
      SELECT n.id, n.nurse_profile_id, n.price, n.service_id, n.status, n.unit
      FROM nurse_services AS n
      WHERE n.nurse_profile_id = @__nurseProfileId_0 AND n.service_id = @__serviceId_1
      LIMIT 1
info: Microsoft.EntityFrameworkCore.Database.Command[20101]
      Executed DbCommand (43ms) [Parameters=[@__nurseProfileId_0='?' (DbType = Int32), @__start_1='?' (DbType = DateTime), @__end_2='?' (DbType = DateTime)], CommandType='Text', CommandTimeout='30']
      SELECT a.id, a.end_time, a.nurse_profile_id, a.start_time
      FROM availability_slots AS a
      WHERE a.nurse_profile_id = @__nurseProfileId_0 AND a.start_time = @__start_1 AND a.end_time = @__end_2
      LIMIT 1
info: Microsoft.EntityFrameworkCore.Database.Command[20101]
      Executed DbCommand (42ms) [Parameters=[@__nurseProfileId_0='?' (DbType = Int32), @__start_1='?' (DbType = DateTime), @__end_2='?' (DbType = DateTime)], CommandType='Text', CommandTimeout='30']
      SELECT a.id, a.end_time, a.nurse_profile_id, a.start_time
      FROM availability_slots AS a
      WHERE a.nurse_profile_id = @__nurseProfileId_0 AND a.start_time = @__start_1 AND a.end_time = @__end_2
      LIMIT 1
info: Microsoft.EntityFrameworkCore.Database.Command[20101]
      Executed DbCommand (41ms) [Parameters=[@__normalizedEmail_0='?'], CommandType='Text', CommandTimeout='30']
      SELECT u.id, u.access_failed_count, u.avatar, u.bank_account_name, u.bank_account_number, u.bank_bin, u.concurrency_stamp, u.created_at, u.email, u.email_confirmed, u.full_name, u.lockout_enabled, u.lockout_end, u.normalized_email, u.normalized_user_name, u.password_hash, u.phone, u.phone_confirmed, u.security_stamp, u.status, u.two_factor_enabled, u.updated_at, u.user_name
      FROM users AS u
      WHERE u.normalized_email = @__normalizedEmail_0
      LIMIT 2
info: Microsoft.EntityFrameworkCore.Database.Command[20101]
      Executed DbCommand (46ms) [Parameters=[@__userId_0='?' (DbType = Int32)], CommandType='Text', CommandTimeout='30']
      SELECT r.code
      FROM user_roles AS u
      INNER JOIN roles AS r ON u.role_id = r.id
      WHERE u.user_id = @__userId_0
info: Microsoft.EntityFrameworkCore.Database.Command[20101]
      Executed DbCommand (41ms) [Parameters=[@__userId_0='?' (DbType = Int32), @__type_1='?', @__isDefault_2='?' (DbType = Boolean)], CommandType='Text', CommandTimeout='30']
      SELECT a.id, a.district, a.full_address, a.is_default, a.latitude, a.longitude, a.type, a.user_id, a.ward
      FROM addresses AS a
      WHERE a.user_id = @__userId_0 AND a.type = @__type_1 AND a.is_default = @__isDefault_2
      LIMIT 1
info: Microsoft.EntityFrameworkCore.Database.Command[20101]
      Executed DbCommand (40ms) [Parameters=[@__userId_0='?' (DbType = Int32)], CommandType='Text', CommandTimeout='30']
      SELECT n.id, n.average_rating, n.bio, n.certificates, n.confirmed_at, n.created_at, n.is_active, n.is_verified, n.rejection_reason, n.service_radius_km, n.specialization, n.updated_at, n.user_id, n.verification_submission_status, n.years_experience
      FROM nurse_profiles AS n
      WHERE n.user_id = @__userId_0
      LIMIT 1
info: Microsoft.EntityFrameworkCore.Database.Command[20101]
      Executed DbCommand (43ms) [Parameters=[@p1='?' (DbType = Int32), @p0='?' (DbType = DateTime), @p3='?' (DbType = Int32), @p2='?' (DbType = DateTime)], CommandType='Text', CommandTimeout='30']
      UPDATE documents SET updated_at = @p0
      WHERE id = @p1;
      UPDATE documents SET updated_at = @p2
      WHERE id = @p3;
info: Microsoft.EntityFrameworkCore.Database.Command[20101]
      Executed DbCommand (41ms) [Parameters=[@__nurseProfileId_0='?' (DbType = Int32), @__normalizedType_1='?'], CommandType='Text', CommandTimeout='30']
      SELECT d.id, d.created_at, d.nurse_profile_id, d.public_id, d.status, d.type, d.updated_at
      FROM documents AS d
      WHERE d.nurse_profile_id = @__nurseProfileId_0 AND d.type = @__normalizedType_1
      LIMIT 1
info: Microsoft.EntityFrameworkCore.Database.Command[20101]
      Executed DbCommand (42ms) [Parameters=[@__nurseProfileId_0='?' (DbType = Int32), @__normalizedType_1='?'], CommandType='Text', CommandTimeout='30']
      SELECT d.id, d.created_at, d.nurse_profile_id, d.public_id, d.status, d.type, d.updated_at
      FROM documents AS d
      WHERE d.nurse_profile_id = @__nurseProfileId_0 AND d.type = @__normalizedType_1
      LIMIT 1
info: Microsoft.EntityFrameworkCore.Database.Command[20101]
      Executed DbCommand (41ms) [Parameters=[@__nurseProfileId_0='?' (DbType = Int32), @__serviceId_1='?' (DbType = Int32)], CommandType='Text', CommandTimeout='30']
      SELECT n.id, n.nurse_profile_id, n.price, n.service_id, n.status, n.unit
      FROM nurse_services AS n
      WHERE n.nurse_profile_id = @__nurseProfileId_0 AND n.service_id = @__serviceId_1
      LIMIT 1
info: Microsoft.EntityFrameworkCore.Database.Command[20101]
      Executed DbCommand (41ms) [Parameters=[@__nurseProfileId_0='?' (DbType = Int32), @__serviceId_1='?' (DbType = Int32)], CommandType='Text', CommandTimeout='30']
      SELECT n.id, n.nurse_profile_id, n.price, n.service_id, n.status, n.unit
      FROM nurse_services AS n
      WHERE n.nurse_profile_id = @__nurseProfileId_0 AND n.service_id = @__serviceId_1
      LIMIT 1
info: Microsoft.EntityFrameworkCore.Database.Command[20101]
      Executed DbCommand (43ms) [Parameters=[@__nurseProfileId_0='?' (DbType = Int32), @__serviceId_1='?' (DbType = Int32)], CommandType='Text', CommandTimeout='30']
      SELECT n.id, n.nurse_profile_id, n.price, n.service_id, n.status, n.unit
      FROM nurse_services AS n
      WHERE n.nurse_profile_id = @__nurseProfileId_0 AND n.service_id = @__serviceId_1
      LIMIT 1
info: Microsoft.EntityFrameworkCore.Database.Command[20101]
      Executed DbCommand (42ms) [Parameters=[@__nurseProfileId_0='?' (DbType = Int32), @__serviceId_1='?' (DbType = Int32)], CommandType='Text', CommandTimeout='30']
      SELECT n.id, n.nurse_profile_id, n.price, n.service_id, n.status, n.unit
      FROM nurse_services AS n
      WHERE n.nurse_profile_id = @__nurseProfileId_0 AND n.service_id = @__serviceId_1
      LIMIT 1
info: Microsoft.EntityFrameworkCore.Database.Command[20101]
      Executed DbCommand (41ms) [Parameters=[@__nurseProfileId_0='?' (DbType = Int32), @__start_1='?' (DbType = DateTime), @__end_2='?' (DbType = DateTime)], CommandType='Text', CommandTimeout='30']
      SELECT a.id, a.end_time, a.nurse_profile_id, a.start_time
      FROM availability_slots AS a
      WHERE a.nurse_profile_id = @__nurseProfileId_0 AND a.start_time = @__start_1 AND a.end_time = @__end_2
      LIMIT 1
info: Microsoft.EntityFrameworkCore.Database.Command[20101]
      Executed DbCommand (42ms) [Parameters=[@__nurseProfileId_0='?' (DbType = Int32), @__start_1='?' (DbType = DateTime), @__end_2='?' (DbType = DateTime)], CommandType='Text', CommandTimeout='30']
      SELECT a.id, a.end_time, a.nurse_profile_id, a.start_time
      FROM availability_slots AS a
      WHERE a.nurse_profile_id = @__nurseProfileId_0 AND a.start_time = @__start_1 AND a.end_time = @__end_2
      LIMIT 1
info: Microsoft.EntityFrameworkCore.Database.Command[20101]
      Executed DbCommand (47ms) [Parameters=[@__normalizedEmail_0='?'], CommandType='Text', CommandTimeout='30']
      SELECT u.id, u.access_failed_count, u.avatar, u.bank_account_name, u.bank_account_number, u.bank_bin, u.concurrency_stamp, u.created_at, u.email, u.email_confirmed, u.full_name, u.lockout_enabled, u.lockout_end, u.normalized_email, u.normalized_user_name, u.password_hash, u.phone, u.phone_confirmed, u.security_stamp, u.status, u.two_factor_enabled, u.updated_at, u.user_name
      FROM users AS u
      WHERE u.normalized_email = @__normalizedEmail_0
      LIMIT 2
info: Microsoft.EntityFrameworkCore.Database.Command[20101]
      Executed DbCommand (41ms) [Parameters=[@__userId_0='?' (DbType = Int32)], CommandType='Text', CommandTimeout='30']
      SELECT r.code
      FROM user_roles AS u
      INNER JOIN roles AS r ON u.role_id = r.id
      WHERE u.user_id = @__userId_0
info: Microsoft.EntityFrameworkCore.Database.Command[20101]
      Executed DbCommand (41ms) [Parameters=[@__userId_0='?' (DbType = Int32), @__type_1='?', @__isDefault_2='?' (DbType = Boolean)], CommandType='Text', CommandTimeout='30']
      SELECT a.id, a.district, a.full_address, a.is_default, a.latitude, a.longitude, a.type, a.user_id, a.ward
      FROM addresses AS a
      WHERE a.user_id = @__userId_0 AND a.type = @__type_1 AND a.is_default = @__isDefault_2
      LIMIT 1
info: Microsoft.EntityFrameworkCore.Database.Command[20101]
      Executed DbCommand (41ms) [Parameters=[@__userId_0='?' (DbType = Int32)], CommandType='Text', CommandTimeout='30']
      SELECT n.id, n.average_rating, n.bio, n.certificates, n.confirmed_at, n.created_at, n.is_active, n.is_verified, n.rejection_reason, n.service_radius_km, n.specialization, n.updated_at, n.user_id, n.verification_submission_status, n.years_experience
      FROM nurse_profiles AS n
      WHERE n.user_id = @__userId_0
      LIMIT 1
info: Microsoft.EntityFrameworkCore.Database.Command[20101]
      Executed DbCommand (41ms) [Parameters=[@p1='?' (DbType = Int32), @p0='?' (DbType = DateTime), @p3='?' (DbType = Int32), @p2='?' (DbType = DateTime)], CommandType='Text', CommandTimeout='30']
      UPDATE documents SET updated_at = @p0
      WHERE id = @p1;
      UPDATE documents SET updated_at = @p2
      WHERE id = @p3;
info: Microsoft.EntityFrameworkCore.Database.Command[20101]
      Executed DbCommand (41ms) [Parameters=[@__nurseProfileId_0='?' (DbType = Int32), @__normalizedType_1='?'], CommandType='Text', CommandTimeout='30']
      SELECT d.id, d.created_at, d.nurse_profile_id, d.public_id, d.status, d.type, d.updated_at
      FROM documents AS d
      WHERE d.nurse_profile_id = @__nurseProfileId_0 AND d.type = @__normalizedType_1
      LIMIT 1
info: Microsoft.EntityFrameworkCore.Database.Command[20101]
      Executed DbCommand (43ms) [Parameters=[@__nurseProfileId_0='?' (DbType = Int32), @__normalizedType_1='?'], CommandType='Text', CommandTimeout='30']
      SELECT d.id, d.created_at, d.nurse_profile_id, d.public_id, d.status, d.type, d.updated_at
      FROM documents AS d
      WHERE d.nurse_profile_id = @__nurseProfileId_0 AND d.type = @__normalizedType_1
      LIMIT 1
info: Microsoft.EntityFrameworkCore.Database.Command[20101]
      Executed DbCommand (41ms) [Parameters=[@__nurseProfileId_0='?' (DbType = Int32), @__serviceId_1='?' (DbType = Int32)], CommandType='Text', CommandTimeout='30']
      SELECT n.id, n.nurse_profile_id, n.price, n.service_id, n.status, n.unit
      FROM nurse_services AS n
      WHERE n.nurse_profile_id = @__nurseProfileId_0 AND n.service_id = @__serviceId_1
      LIMIT 1
info: Microsoft.EntityFrameworkCore.Database.Command[20101]
      Executed DbCommand (44ms) [Parameters=[@__nurseProfileId_0='?' (DbType = Int32), @__serviceId_1='?' (DbType = Int32)], CommandType='Text', CommandTimeout='30']
      SELECT n.id, n.nurse_profile_id, n.price, n.service_id, n.status, n.unit
      FROM nurse_services AS n
      WHERE n.nurse_profile_id = @__nurseProfileId_0 AND n.service_id = @__serviceId_1
      LIMIT 1
info: Microsoft.EntityFrameworkCore.Database.Command[20101]
      Executed DbCommand (41ms) [Parameters=[@__nurseProfileId_0='?' (DbType = Int32), @__serviceId_1='?' (DbType = Int32)], CommandType='Text', CommandTimeout='30']
      SELECT n.id, n.nurse_profile_id, n.price, n.service_id, n.status, n.unit
      FROM nurse_services AS n
      WHERE n.nurse_profile_id = @__nurseProfileId_0 AND n.service_id = @__serviceId_1
      LIMIT 1
info: Microsoft.EntityFrameworkCore.Database.Command[20101]
      Executed DbCommand (43ms) [Parameters=[@__nurseProfileId_0='?' (DbType = Int32), @__serviceId_1='?' (DbType = Int32)], CommandType='Text', CommandTimeout='30']
      SELECT n.id, n.nurse_profile_id, n.price, n.service_id, n.status, n.unit
      FROM nurse_services AS n
      WHERE n.nurse_profile_id = @__nurseProfileId_0 AND n.service_id = @__serviceId_1
      LIMIT 1
info: Microsoft.EntityFrameworkCore.Database.Command[20101]
      Executed DbCommand (43ms) [Parameters=[@__nurseProfileId_0='?' (DbType = Int32), @__start_1='?' (DbType = DateTime), @__end_2='?' (DbType = DateTime)], CommandType='Text', CommandTimeout='30']
      SELECT a.id, a.end_time, a.nurse_profile_id, a.start_time
      FROM availability_slots AS a
      WHERE a.nurse_profile_id = @__nurseProfileId_0 AND a.start_time = @__start_1 AND a.end_time = @__end_2
      LIMIT 1
info: Microsoft.EntityFrameworkCore.Database.Command[20101]
      Executed DbCommand (42ms) [Parameters=[@__nurseProfileId_0='?' (DbType = Int32), @__start_1='?' (DbType = DateTime), @__end_2='?' (DbType = DateTime)], CommandType='Text', CommandTimeout='30']
      SELECT a.id, a.end_time, a.nurse_profile_id, a.start_time
      FROM availability_slots AS a
      WHERE a.nurse_profile_id = @__nurseProfileId_0 AND a.start_time = @__start_1 AND a.end_time = @__end_2
      LIMIT 1
info: Microsoft.EntityFrameworkCore.Database.Command[20101]
      Executed DbCommand (42ms) [Parameters=[@__normalizedEmail_0='?'], CommandType='Text', CommandTimeout='30']
      SELECT u.id, u.access_failed_count, u.avatar, u.bank_account_name, u.bank_account_number, u.bank_bin, u.concurrency_stamp, u.created_at, u.email, u.email_confirmed, u.full_name, u.lockout_enabled, u.lockout_end, u.normalized_email, u.normalized_user_name, u.password_hash, u.phone, u.phone_confirmed, u.security_stamp, u.status, u.two_factor_enabled, u.updated_at, u.user_name
      FROM users AS u
      WHERE u.normalized_email = @__normalizedEmail_0
      LIMIT 2
info: Microsoft.EntityFrameworkCore.Database.Command[20101]
      Executed DbCommand (42ms) [Parameters=[@__userId_0='?' (DbType = Int32)], CommandType='Text', CommandTimeout='30']
      SELECT r.code
      FROM user_roles AS u
      INNER JOIN roles AS r ON u.role_id = r.id
      WHERE u.user_id = @__userId_0
info: Microsoft.EntityFrameworkCore.Database.Command[20101]
      Executed DbCommand (43ms) [Parameters=[@__userId_0='?' (DbType = Int32), @__type_1='?', @__isDefault_2='?' (DbType = Boolean)], CommandType='Text', CommandTimeout='30']
      SELECT a.id, a.district, a.full_address, a.is_default, a.latitude, a.longitude, a.type, a.user_id, a.ward
      FROM addresses AS a
      WHERE a.user_id = @__userId_0 AND a.type = @__type_1 AND a.is_default = @__isDefault_2
      LIMIT 1
info: Microsoft.EntityFrameworkCore.Database.Command[20101]
      Executed DbCommand (44ms) [Parameters=[@__userId_0='?' (DbType = Int32)], CommandType='Text', CommandTimeout='30']
      SELECT n.id, n.average_rating, n.bio, n.certificates, n.confirmed_at, n.created_at, n.is_active, n.is_verified, n.rejection_reason, n.service_radius_km, n.specialization, n.updated_at, n.user_id, n.verification_submission_status, n.years_experience
      FROM nurse_profiles AS n
      WHERE n.user_id = @__userId_0
      LIMIT 1
info: Microsoft.EntityFrameworkCore.Database.Command[20101]
      Executed DbCommand (41ms) [Parameters=[@p1='?' (DbType = Int32), @p0='?' (DbType = DateTime), @p3='?' (DbType = Int32), @p2='?' (DbType = DateTime)], CommandType='Text', CommandTimeout='30']
      UPDATE documents SET updated_at = @p0
      WHERE id = @p1;
      UPDATE documents SET updated_at = @p2
      WHERE id = @p3;
info: Microsoft.EntityFrameworkCore.Database.Command[20101]
      Executed DbCommand (43ms) [Parameters=[@__nurseProfileId_0='?' (DbType = Int32), @__normalizedType_1='?'], CommandType='Text', CommandTimeout='30']
      SELECT d.id, d.created_at, d.nurse_profile_id, d.public_id, d.status, d.type, d.updated_at
      FROM documents AS d
      WHERE d.nurse_profile_id = @__nurseProfileId_0 AND d.type = @__normalizedType_1
      LIMIT 1
info: Microsoft.EntityFrameworkCore.Database.Command[20101]
      Executed DbCommand (41ms) [Parameters=[@__nurseProfileId_0='?' (DbType = Int32), @__normalizedType_1='?'], CommandType='Text', CommandTimeout='30']
      SELECT d.id, d.created_at, d.nurse_profile_id, d.public_id, d.status, d.type, d.updated_at
      FROM documents AS d
      WHERE d.nurse_profile_id = @__nurseProfileId_0 AND d.type = @__normalizedType_1
      LIMIT 1
info: Microsoft.EntityFrameworkCore.Database.Command[20101]
      Executed DbCommand (41ms) [Parameters=[@__nurseProfileId_0='?' (DbType = Int32), @__serviceId_1='?' (DbType = Int32)], CommandType='Text', CommandTimeout='30']
      SELECT n.id, n.nurse_profile_id, n.price, n.service_id, n.status, n.unit
      FROM nurse_services AS n
      WHERE n.nurse_profile_id = @__nurseProfileId_0 AND n.service_id = @__serviceId_1
      LIMIT 1
info: Microsoft.EntityFrameworkCore.Database.Command[20101]
      Executed DbCommand (41ms) [Parameters=[@__nurseProfileId_0='?' (DbType = Int32), @__serviceId_1='?' (DbType = Int32)], CommandType='Text', CommandTimeout='30']
      SELECT n.id, n.nurse_profile_id, n.price, n.service_id, n.status, n.unit
      FROM nurse_services AS n
      WHERE n.nurse_profile_id = @__nurseProfileId_0 AND n.service_id = @__serviceId_1
      LIMIT 1
info: Microsoft.EntityFrameworkCore.Database.Command[20101]
      Executed DbCommand (40ms) [Parameters=[@__nurseProfileId_0='?' (DbType = Int32), @__serviceId_1='?' (DbType = Int32)], CommandType='Text', CommandTimeout='30']
      SELECT n.id, n.nurse_profile_id, n.price, n.service_id, n.status, n.unit
      FROM nurse_services AS n
      WHERE n.nurse_profile_id = @__nurseProfileId_0 AND n.service_id = @__serviceId_1
      LIMIT 1
info: Microsoft.EntityFrameworkCore.Database.Command[20101]
      Executed DbCommand (43ms) [Parameters=[@__nurseProfileId_0='?' (DbType = Int32), @__serviceId_1='?' (DbType = Int32)], CommandType='Text', CommandTimeout='30']
      SELECT n.id, n.nurse_profile_id, n.price, n.service_id, n.status, n.unit
      FROM nurse_services AS n
      WHERE n.nurse_profile_id = @__nurseProfileId_0 AND n.service_id = @__serviceId_1
      LIMIT 1
info: Microsoft.EntityFrameworkCore.Database.Command[20101]
      Executed DbCommand (41ms) [Parameters=[@__nurseProfileId_0='?' (DbType = Int32), @__start_1='?' (DbType = DateTime), @__end_2='?' (DbType = DateTime)], CommandType='Text', CommandTimeout='30']
      SELECT a.id, a.end_time, a.nurse_profile_id, a.start_time
      FROM availability_slots AS a
      WHERE a.nurse_profile_id = @__nurseProfileId_0 AND a.start_time = @__start_1 AND a.end_time = @__end_2
      LIMIT 1
info: Microsoft.EntityFrameworkCore.Database.Command[20101]
      Executed DbCommand (42ms) [Parameters=[@__nurseProfileId_0='?' (DbType = Int32), @__start_1='?' (DbType = DateTime), @__end_2='?' (DbType = DateTime)], CommandType='Text', CommandTimeout='30']
      SELECT a.id, a.end_time, a.nurse_profile_id, a.start_time
      FROM availability_slots AS a
      WHERE a.nurse_profile_id = @__nurseProfileId_0 AND a.start_time = @__start_1 AND a.end_time = @__end_2
      LIMIT 1
info: Microsoft.EntityFrameworkCore.Database.Command[20101]
      Executed DbCommand (43ms) [Parameters=[@__normalizedEmail_0='?'], CommandType='Text', CommandTimeout='30']
      SELECT u.id, u.access_failed_count, u.avatar, u.bank_account_name, u.bank_account_number, u.bank_bin, u.concurrency_stamp, u.created_at, u.email, u.email_confirmed, u.full_name, u.lockout_enabled, u.lockout_end, u.normalized_email, u.normalized_user_name, u.password_hash, u.phone, u.phone_confirmed, u.security_stamp, u.status, u.two_factor_enabled, u.updated_at, u.user_name
      FROM users AS u
      WHERE u.normalized_email = @__normalizedEmail_0
      LIMIT 2
info: Microsoft.EntityFrameworkCore.Database.Command[20101]
      Executed DbCommand (41ms) [Parameters=[@__userId_0='?' (DbType = Int32)], CommandType='Text', CommandTimeout='30']
      SELECT r.code
      FROM user_roles AS u
      INNER JOIN roles AS r ON u.role_id = r.id
      WHERE u.user_id = @__userId_0
info: Microsoft.EntityFrameworkCore.Database.Command[20101]
      Executed DbCommand (46ms) [Parameters=[@__userId_0='?' (DbType = Int32), @__type_1='?', @__isDefault_2='?' (DbType = Boolean)], CommandType='Text', CommandTimeout='30']
      SELECT a.id, a.district, a.full_address, a.is_default, a.latitude, a.longitude, a.type, a.user_id, a.ward
      FROM addresses AS a
      WHERE a.user_id = @__userId_0 AND a.type = @__type_1 AND a.is_default = @__isDefault_2
      LIMIT 1
info: Microsoft.EntityFrameworkCore.Database.Command[20101]
      Executed DbCommand (42ms) [Parameters=[@__userId_0='?' (DbType = Int32)], CommandType='Text', CommandTimeout='30']
      SELECT n.id, n.average_rating, n.bio, n.certificates, n.confirmed_at, n.created_at, n.is_active, n.is_verified, n.rejection_reason, n.service_radius_km, n.specialization, n.updated_at, n.user_id, n.verification_submission_status, n.years_experience
      FROM nurse_profiles AS n
      WHERE n.user_id = @__userId_0
      LIMIT 1
info: Microsoft.EntityFrameworkCore.Database.Command[20101]
      Executed DbCommand (46ms) [Parameters=[@p1='?' (DbType = Int32), @p0='?' (DbType = DateTime), @p3='?' (DbType = Int32), @p2='?' (DbType = DateTime)], CommandType='Text', CommandTimeout='30']
      UPDATE documents SET updated_at = @p0
      WHERE id = @p1;
      UPDATE documents SET updated_at = @p2
      WHERE id = @p3;
info: Microsoft.EntityFrameworkCore.Database.Command[20101]
      Executed DbCommand (41ms) [Parameters=[@__nurseProfileId_0='?' (DbType = Int32), @__normalizedType_1='?'], CommandType='Text', CommandTimeout='30']
      SELECT d.id, d.created_at, d.nurse_profile_id, d.public_id, d.status, d.type, d.updated_at
      FROM documents AS d
      WHERE d.nurse_profile_id = @__nurseProfileId_0 AND d.type = @__normalizedType_1
      LIMIT 1
info: Microsoft.EntityFrameworkCore.Database.Command[20101]
      Executed DbCommand (42ms) [Parameters=[@__nurseProfileId_0='?' (DbType = Int32), @__normalizedType_1='?'], CommandType='Text', CommandTimeout='30']
      SELECT d.id, d.created_at, d.nurse_profile_id, d.public_id, d.status, d.type, d.updated_at
      FROM documents AS d
      WHERE d.nurse_profile_id = @__nurseProfileId_0 AND d.type = @__normalizedType_1
      LIMIT 1
info: Microsoft.EntityFrameworkCore.Database.Command[20101]
      Executed DbCommand (47ms) [Parameters=[@__nurseProfileId_0='?' (DbType = Int32), @__serviceId_1='?' (DbType = Int32)], CommandType='Text', CommandTimeout='30']
      SELECT n.id, n.nurse_profile_id, n.price, n.service_id, n.status, n.unit
      FROM nurse_services AS n
      WHERE n.nurse_profile_id = @__nurseProfileId_0 AND n.service_id = @__serviceId_1
      LIMIT 1
info: Microsoft.EntityFrameworkCore.Database.Command[20101]
      Executed DbCommand (43ms) [Parameters=[@__nurseProfileId_0='?' (DbType = Int32), @__serviceId_1='?' (DbType = Int32)], CommandType='Text', CommandTimeout='30']
      SELECT n.id, n.nurse_profile_id, n.price, n.service_id, n.status, n.unit
      FROM nurse_services AS n
      WHERE n.nurse_profile_id = @__nurseProfileId_0 AND n.service_id = @__serviceId_1
      LIMIT 1
info: Microsoft.EntityFrameworkCore.Database.Command[20101]
      Executed DbCommand (42ms) [Parameters=[@__nurseProfileId_0='?' (DbType = Int32), @__serviceId_1='?' (DbType = Int32)], CommandType='Text', CommandTimeout='30']
      SELECT n.id, n.nurse_profile_id, n.price, n.service_id, n.status, n.unit
      FROM nurse_services AS n
      WHERE n.nurse_profile_id = @__nurseProfileId_0 AND n.service_id = @__serviceId_1
      LIMIT 1
info: Microsoft.EntityFrameworkCore.Database.Command[20101]
      Executed DbCommand (44ms) [Parameters=[@__nurseProfileId_0='?' (DbType = Int32), @__serviceId_1='?' (DbType = Int32)], CommandType='Text', CommandTimeout='30']
      SELECT n.id, n.nurse_profile_id, n.price, n.service_id, n.status, n.unit
      FROM nurse_services AS n
      WHERE n.nurse_profile_id = @__nurseProfileId_0 AND n.service_id = @__serviceId_1
      LIMIT 1
info: Microsoft.EntityFrameworkCore.Database.Command[20101]
      Executed DbCommand (45ms) [Parameters=[@__nurseProfileId_0='?' (DbType = Int32), @__start_1='?' (DbType = DateTime), @__end_2='?' (DbType = DateTime)], CommandType='Text', CommandTimeout='30']
      SELECT a.id, a.end_time, a.nurse_profile_id, a.start_time
      FROM availability_slots AS a
      WHERE a.nurse_profile_id = @__nurseProfileId_0 AND a.start_time = @__start_1 AND a.end_time = @__end_2
      LIMIT 1
info: Microsoft.EntityFrameworkCore.Database.Command[20101]
      Executed DbCommand (43ms) [Parameters=[@__nurseProfileId_0='?' (DbType = Int32), @__start_1='?' (DbType = DateTime), @__end_2='?' (DbType = DateTime)], CommandType='Text', CommandTimeout='30']
      SELECT a.id, a.end_time, a.nurse_profile_id, a.start_time
      FROM availability_slots AS a
      WHERE a.nurse_profile_id = @__nurseProfileId_0 AND a.start_time = @__start_1 AND a.end_time = @__end_2
      LIMIT 1
info: Microsoft.EntityFrameworkCore.Database.Command[20101]
      Executed DbCommand (48ms) [Parameters=[@__today_0='?' (DbType = DateTime)], CommandType='Text', CommandTimeout='30']
      SELECT a.id, a.end_time, a.nurse_profile_id, a.start_time
      FROM availability_slots AS a
      WHERE a.end_time < @__today_0 AND NOT EXISTS (
          SELECT 1
          FROM bookings AS b
          WHERE b.availability_slot_id = a.id)
info: Microsoft.EntityFrameworkCore.Database.Command[20101]
      Executed DbCommand (43ms) [Parameters=[@__nurseProfileId_0='?' (DbType = Int32), @__start_1='?' (DbType = DateTime), @__end_2='?' (DbType = DateTime)], CommandType='Text', CommandTimeout='30']
      SELECT a.id, a.end_time, a.nurse_profile_id, a.start_time
      FROM availability_slots AS a
      WHERE a.nurse_profile_id = @__nurseProfileId_0 AND a.start_time = @__start_1 AND a.end_time = @__end_2
      LIMIT 1
info: Microsoft.EntityFrameworkCore.Database.Command[20101]
      Executed DbCommand (43ms) [Parameters=[@__nurseProfileId_0='?' (DbType = Int32), @__start_1='?' (DbType = DateTime), @__end_2='?' (DbType = DateTime)], CommandType='Text', CommandTimeout='30']
      SELECT a.id, a.end_time, a.nurse_profile_id, a.start_time
      FROM availability_slots AS a
      WHERE a.nurse_profile_id = @__nurseProfileId_0 AND a.start_time = @__start_1 AND a.end_time = @__end_2
      LIMIT 1
info: Microsoft.EntityFrameworkCore.Database.Command[20101]
      Executed DbCommand (42ms) [Parameters=[@__nurseProfileId_0='?' (DbType = Int32), @__start_1='?' (DbType = DateTime), @__end_2='?' (DbType = DateTime)], CommandType='Text', CommandTimeout='30']
      SELECT a.id, a.end_time, a.nurse_profile_id, a.start_time
      FROM availability_slots AS a
      WHERE a.nurse_profile_id = @__nurseProfileId_0 AND a.start_time = @__start_1 AND a.end_time = @__end_2
      LIMIT 1
info: Microsoft.EntityFrameworkCore.Database.Command[20101]
      Executed DbCommand (48ms) [Parameters=[@__nurseProfileId_0='?' (DbType = Int32), @__start_1='?' (DbType = DateTime), @__end_2='?' (DbType = DateTime)], CommandType='Text', CommandTimeout='30']
      SELECT a.id, a.end_time, a.nurse_profile_id, a.start_time
      FROM availability_slots AS a
      WHERE a.nurse_profile_id = @__nurseProfileId_0 AND a.start_time = @__start_1 AND a.end_time = @__end_2
      LIMIT 1
info: Microsoft.EntityFrameworkCore.Database.Command[20101]
      Executed DbCommand (49ms) [Parameters=[@__nurseProfileId_0='?' (DbType = Int32), @__start_1='?' (DbType = DateTime), @__end_2='?' (DbType = DateTime)], CommandType='Text', CommandTimeout='30']
      SELECT a.id, a.end_time, a.nurse_profile_id, a.start_time
      FROM availability_slots AS a
      WHERE a.nurse_profile_id = @__nurseProfileId_0 AND a.start_time = @__start_1 AND a.end_time = @__end_2
      LIMIT 1
info: Microsoft.EntityFrameworkCore.Database.Command[20101]
      Executed DbCommand (46ms) [Parameters=[@__nurseProfileId_0='?' (DbType = Int32), @__start_1='?' (DbType = DateTime), @__end_2='?' (DbType = DateTime)], CommandType='Text', CommandTimeout='30']
      SELECT a.id, a.end_time, a.nurse_profile_id, a.start_time
      FROM availability_slots AS a
      WHERE a.nurse_profile_id = @__nurseProfileId_0 AND a.start_time = @__start_1 AND a.end_time = @__end_2
      LIMIT 1
info: Microsoft.EntityFrameworkCore.Database.Command[20101]
      Executed DbCommand (47ms) [Parameters=[@p0='?' (DbType = Int32), @p2='?' (DbType = Int32), @p1='?' (DbType = DateTime), @p4='?' (DbType = Int32), @p3='?' (DbType = DateTime)], CommandType='Text', CommandTimeout='30']
      DELETE FROM availability_slots
      WHERE id = @p0;
      UPDATE documents SET updated_at = @p1
      WHERE id = @p2;
      UPDATE documents SET updated_at = @p3
      WHERE id = @p4;
info: Microsoft.EntityFrameworkCore.Database.Command[20101]
      Executed DbCommand (40ms) [Parameters=[@__seedKey_0='?'], CommandType='Text', CommandTimeout='30']
      SELECT b.id, b.address, b.availability_slot_id, b.created_at, b.customer_id, b.customer_session_note, b.customer_session_rating, b.customer_session_reviewed_at, b.customer_session_tags_json, b.end_time, b.notes, b.nurse_id, b.service_id, b.start_time, b.status, b.total_price, b.updated_at
      FROM bookings AS b
      WHERE b.notes = @__seedKey_0
      LIMIT 1
info: Microsoft.EntityFrameworkCore.Database.Command[20101]
      Executed DbCommand (42ms) [Parameters=[@__seedKey_0='?'], CommandType='Text', CommandTimeout='30']
      SELECT b.id, b.address, b.availability_slot_id, b.created_at, b.customer_id, b.customer_session_note, b.customer_session_rating, b.customer_session_reviewed_at, b.customer_session_tags_json, b.end_time, b.notes, b.nurse_id, b.service_id, b.start_time, b.status, b.total_price, b.updated_at
      FROM bookings AS b
      WHERE b.notes = @__seedKey_0
      LIMIT 1
info: Microsoft.EntityFrameworkCore.Database.Command[20101]
      Executed DbCommand (42ms) [Parameters=[@__seedKey_0='?'], CommandType='Text', CommandTimeout='30']
      SELECT b.id, b.address, b.availability_slot_id, b.created_at, b.customer_id, b.customer_session_note, b.customer_session_rating, b.customer_session_reviewed_at, b.customer_session_tags_json, b.end_time, b.notes, b.nurse_id, b.service_id, b.start_time, b.status, b.total_price, b.updated_at
      FROM bookings AS b
      WHERE b.notes = @__seedKey_0
      LIMIT 1
info: Microsoft.EntityFrameworkCore.Database.Command[20101]
      Executed DbCommand (43ms) [Parameters=[@p1='?' (DbType = Int32), @p0='?' (DbType = DateTime), @p3='?' (DbType = Int32), @p2='?' (DbType = DateTime), @p5='?' (DbType = Int32), @p4='?' (DbType = DateTime)], CommandType='Text', CommandTimeout='30']
      UPDATE bookings SET updated_at = @p0
      WHERE id = @p1;
      UPDATE bookings SET updated_at = @p2
      WHERE id = @p3;
      UPDATE bookings SET updated_at = @p4
      WHERE id = @p5;
info: Microsoft.EntityFrameworkCore.Database.Command[20101]
      Executed DbCommand (43ms) [Parameters=[@__bookingId_0='?' (DbType = Int32), @__status_1='?', @__note_2='?'], CommandType='Text', CommandTimeout='30']
      SELECT EXISTS (
          SELECT 1
          FROM booking_status_history AS b
          WHERE b.booking_id = @__bookingId_0 AND b.status = @__status_1 AND b.note = @__note_2)
info: Microsoft.EntityFrameworkCore.Database.Command[20101]
      Executed DbCommand (44ms) [Parameters=[@__bookingId_0='?' (DbType = Int32), @__status_1='?', @__note_2='?'], CommandType='Text', CommandTimeout='30']
      SELECT EXISTS (
          SELECT 1
          FROM booking_status_history AS b
          WHERE b.booking_id = @__bookingId_0 AND b.status = @__status_1 AND b.note = @__note_2)
info: Microsoft.EntityFrameworkCore.Database.Command[20101]
      Executed DbCommand (49ms) [Parameters=[@__bookingId_0='?' (DbType = Int32), @__status_1='?', @__note_2='?'], CommandType='Text', CommandTimeout='30']
      SELECT EXISTS (
          SELECT 1
          FROM booking_status_history AS b
          WHERE b.booking_id = @__bookingId_0 AND b.status = @__status_1 AND b.note = @__note_2)
info: Microsoft.EntityFrameworkCore.Database.Command[20101]
      Executed DbCommand (46ms) [Parameters=[@__bookingId_0='?' (DbType = Int32), @__status_1='?', @__note_2='?'], CommandType='Text', CommandTimeout='30']
      SELECT EXISTS (
          SELECT 1
          FROM booking_status_history AS b
          WHERE b.booking_id = @__bookingId_0 AND b.status = @__status_1 AND b.note = @__note_2)
info: Microsoft.EntityFrameworkCore.Database.Command[20101]
      Executed DbCommand (42ms) [Parameters=[@__bookingId_0='?' (DbType = Int32), @__status_1='?', @__note_2='?'], CommandType='Text', CommandTimeout='30']
      SELECT EXISTS (
          SELECT 1
          FROM booking_status_history AS b
          WHERE b.booking_id = @__bookingId_0 AND b.status = @__status_1 AND b.note = @__note_2)
info: Microsoft.EntityFrameworkCore.Database.Command[20101]
      Executed DbCommand (41ms) [Parameters=[@__bookingId_0='?' (DbType = Int32), @__status_1='?', @__note_2='?'], CommandType='Text', CommandTimeout='30']
      SELECT EXISTS (
          SELECT 1
          FROM booking_status_history AS b
          WHERE b.booking_id = @__bookingId_0 AND b.status = @__status_1 AND b.note = @__note_2)
info: Microsoft.EntityFrameworkCore.Database.Command[20101]
      Executed DbCommand (41ms) [Parameters=[@__bookingId_0='?' (DbType = Int32), @__status_1='?', @__note_2='?'], CommandType='Text', CommandTimeout='30']
      SELECT EXISTS (
          SELECT 1
          FROM booking_status_history AS b
          WHERE b.booking_id = @__bookingId_0 AND b.status = @__status_1 AND b.note = @__note_2)
info: Microsoft.EntityFrameworkCore.Database.Command[20101]
      Executed DbCommand (47ms) [Parameters=[@__bookingId_0='?' (DbType = Int32), @__status_1='?', @__note_2='?'], CommandType='Text', CommandTimeout='30']
      SELECT EXISTS (
          SELECT 1
          FROM booking_status_history AS b
          WHERE b.booking_id = @__bookingId_0 AND b.status = @__status_1 AND b.note = @__note_2)
info: Microsoft.EntityFrameworkCore.Database.Command[20101]
      Executed DbCommand (44ms) [Parameters=[@__bookingId_0='?' (DbType = Int32)], CommandType='Text', CommandTimeout='30']
      SELECT p.id, p.amount, p.booking_id, p.created_at, p.method, p.refund_amount, p.refund_reason, p.refund_status, p.refunded_at, p.status, p.transaction_id
      FROM payments AS p
      WHERE p.booking_id = @__bookingId_0
      LIMIT 1
info: Microsoft.EntityFrameworkCore.Database.Command[20101]
      Executed DbCommand (52ms) [Parameters=[@__bookingId_0='?' (DbType = Int32)], CommandType='Text', CommandTimeout='30']
      SELECT p.id, p.amount, p.booking_id, p.created_at, p.method, p.refund_amount, p.refund_reason, p.refund_status, p.refunded_at, p.status, p.transaction_id
      FROM payments AS p
      WHERE p.booking_id = @__bookingId_0
      LIMIT 1
info: Microsoft.EntityFrameworkCore.Database.Command[20101]
      Executed DbCommand (41ms) [Parameters=[@__bookingId_0='?' (DbType = Int32)], CommandType='Text', CommandTimeout='30']
      SELECT p.id, p.amount, p.booking_id, p.created_at, p.method, p.refund_amount, p.refund_reason, p.refund_status, p.refunded_at, p.status, p.transaction_id
      FROM payments AS p
      WHERE p.booking_id = @__bookingId_0
      LIMIT 1
info: Microsoft.EntityFrameworkCore.Database.Command[20101]
      Executed DbCommand (41ms) [Parameters=[@__bookingId_0='?' (DbType = Int32)], CommandType='Text', CommandTimeout='30']
      SELECT p.id, p.amount, p.booking_id, p.created_at, p.nurse_id, p.platform_fee, p.released_at, p.status
      FROM payouts AS p
      WHERE p.booking_id = @__bookingId_0
      LIMIT 1
info: Microsoft.EntityFrameworkCore.Database.Command[20101]
      Executed DbCommand (45ms) [Parameters=[@__bookingId_0='?' (DbType = Int32)], CommandType='Text', CommandTimeout='30']
      SELECT p.id, p.amount, p.booking_id, p.created_at, p.nurse_id, p.platform_fee, p.released_at, p.status
      FROM payouts AS p
      WHERE p.booking_id = @__bookingId_0
      LIMIT 1
info: Microsoft.EntityFrameworkCore.Database.Command[20101]
      Executed DbCommand (46ms) [Parameters=[@__bookingId_0='?' (DbType = Int32)], CommandType='Text', CommandTimeout='30']
      SELECT r.id, r.booking_id, r.comment, r.created_at, r.customer_id, r.is_deleted, r.nurse_id, r.rating, r.updated_at
      FROM reviews AS r
      WHERE r.booking_id = @__bookingId_0
      LIMIT 1
info: Microsoft.EntityFrameworkCore.Database.Command[20101]
      Executed DbCommand (45ms) [Parameters=[@__bookingId_0='?' (DbType = Int32)], CommandType='Text', CommandTimeout='30']
      SELECT d.id, d.admin_note, d.booking_id, d.created_at, d.reason, d.status
      FROM disputes AS d
      WHERE d.booking_id = @__bookingId_0
      LIMIT 1
info: Microsoft.EntityFrameworkCore.Database.Command[20101]
      Executed DbCommand (45ms) [Parameters=[@__bookingId_0='?' (DbType = Int32)], CommandType='Text', CommandTimeout='30']
      SELECT c.id, c.booking_id, c.created_at, c.type, c.user1_id, c.user2_id
      FROM conversations AS c
      WHERE c.booking_id = @__bookingId_0
      LIMIT 1
info: Microsoft.EntityFrameworkCore.Database.Command[20101]
      Executed DbCommand (43ms) [Parameters=[@__conversationId_0='?' (DbType = Int32), @__senderId_1='?' (DbType = Int32), @__content_2='?'], CommandType='Text', CommandTimeout='30']
      SELECT EXISTS (
          SELECT 1
          FROM chat_messages AS c
          WHERE c.conversation_id = @__conversationId_0 AND c.sender_id = @__senderId_1 AND c.content = @__content_2)
info: Microsoft.EntityFrameworkCore.Database.Command[20101]
      Executed DbCommand (42ms) [Parameters=[@__conversationId_0='?' (DbType = Int32), @__senderId_1='?' (DbType = Int32), @__content_2='?'], CommandType='Text', CommandTimeout='30']
      SELECT EXISTS (
          SELECT 1
          FROM chat_messages AS c
          WHERE c.conversation_id = @__conversationId_0 AND c.sender_id = @__senderId_1 AND c.content = @__content_2)
info: Microsoft.EntityFrameworkCore.Database.Command[20101]
      Executed DbCommand (43ms) [Parameters=[@__userId_0='?' (DbType = Int32), @__title_1='?', @__content_2='?'], CommandType='Text', CommandTimeout='30']
      SELECT EXISTS (
          SELECT 1
          FROM notifications AS n
          WHERE n.user_id = @__userId_0 AND n.title = @__title_1 AND n.content = @__content_2)
info: Microsoft.EntityFrameworkCore.Database.Command[20101]
      Executed DbCommand (42ms) [Parameters=[@__userId_0='?' (DbType = Int32), @__title_1='?', @__content_2='?'], CommandType='Text', CommandTimeout='30']
      SELECT EXISTS (
          SELECT 1
          FROM notifications AS n
          WHERE n.user_id = @__userId_0 AND n.title = @__title_1 AND n.content = @__content_2)
info: Microsoft.EntityFrameworkCore.Database.Command[20101]
      Executed DbCommand (42ms) [Parameters=[@__userId_0='?' (DbType = Int32), @__title_1='?', @__content_2='?'], CommandType='Text', CommandTimeout='30']
      SELECT EXISTS (
          SELECT 1
          FROM notifications AS n
          WHERE n.user_id = @__userId_0 AND n.title = @__title_1 AND n.content = @__content_2)
info: MomCareSeedData[0]
      Seed data completed successfully.
fail: Microsoft.Extensions.Hosting.Internal.Host[11]
      Hosting failed to start
      System.IO.IOException: Failed to bind to address http://127.0.0.1:5244: address already in use.
       ---> Microsoft.AspNetCore.Connections.AddressInUseException: Only one usage of each socket address (protocol/network address/port) is normally permitted.
       ---> System.Net.Sockets.SocketException (10048): Only one usage of each socket address (protocol/network address/port) is normally permitted.
         at System.Net.Sockets.Socket.UpdateStatusAfterSocketErrorAndThrowException(SocketError error, Boolean disconnectOnFailure, String callerName)
         at System.Net.Sockets.Socket.DoBind(EndPoint endPointSnapshot, SocketAddress socketAddress)
         at System.Net.Sockets.Socket.Bind(EndPoint localEP)
         at Microsoft.AspNetCore.Server.Kestrel.Transport.Sockets.SocketTransportOptions.CreateDefaultBoundListenSocket(EndPoint endpoint)
         at Microsoft.AspNetCore.Server.Kestrel.Transport.Sockets.SocketConnectionListener.Bind()
         --- End of inner exception stack trace ---
         at Microsoft.AspNetCore.Server.Kestrel.Transport.Sockets.SocketConnectionListener.Bind()
         at Microsoft.AspNetCore.Server.Kestrel.Transport.Sockets.SocketTransportFactory.BindAsync(EndPoint endpoint, CancellationToken cancellationToken)
         at Microsoft.AspNetCore.Server.Kestrel.Core.Internal.Infrastructure.TransportManager.BindAsync(EndPoint endPoint, ConnectionDelegate connectionDelegate, EndpointConfig endpointConfig, CancellationToken cancellationToken)
         at Microsoft.AspNetCore.Server.Kestrel.Core.KestrelServerImpl.<>c__DisplayClass28_0`1.<<StartAsync>g__OnBind|0>d.MoveNext()
      --- End of stack trace from previous location ---
         at Microsoft.AspNetCore.Server.Kestrel.Core.Internal.AddressBinder.BindEndpointAsync(ListenOptions endpoint, AddressBindContext context, CancellationToken cancellationToken)
         --- End of inner exception stack trace ---
         at Microsoft.AspNetCore.Server.Kestrel.Core.Internal.AddressBinder.BindEndpointAsync(ListenOptions endpoint, AddressBindContext context, CancellationToken cancellationToken)
         at Microsoft.AspNetCore.Server.Kestrel.Core.LocalhostListenOptions.BindAsync(AddressBindContext context, CancellationToken cancellationToken)
         at Microsoft.AspNetCore.Server.Kestrel.Core.Internal.AddressBinder.AddressesStrategy.BindAsync(AddressBindContext context, CancellationToken cancellationToken)
         at Microsoft.AspNetCore.Server.Kestrel.Core.KestrelServerImpl.BindAsync(CancellationToken cancellationToken)
         at Microsoft.AspNetCore.Server.Kestrel.Core.KestrelServerImpl.StartAsync[TContext](IHttpApplication`1 application, CancellationToken cancellationToken)
         at Microsoft.AspNetCore.Hosting.GenericWebHostService.StartAsync(CancellationToken cancellationToken)
         at Microsoft.Extensions.Hosting.Internal.Host.<StartAsync>b__14_1(IHostedService service, CancellationToken token)
         at Microsoft.Extensions.Hosting.Internal.Host.ForeachService[T](IEnumerable`1 services, CancellationToken token, Boolean concurrent, Boolean abortOnFirstException, List`1 exceptions, Func`3 operation)
